,chr,snp_position_hg37_1based,ref_allele,alt_allele,delta_index,transcript_id,NM
0,chr15,41029815,C,T,-0.702978127316988,ENST00000648947.1,NM_017553.3
1,chr15,41029877,A,T,-0.659868004070559,ENST00000648947.1,NM_017553.3
2,chr17,26912345,G,A,-0.917749320279826,,
3,chr17,26912356,C,T,-0.899329254904275,,
4,chr17,26912400,C,T,-0.879929088265334,,
5,chr17,26912444,T,C,-0.919807654705962,,
6,chr2,211457685,G,A,-0.949184445630803,ENST00000342788.9,NM_005235.3
7,chr17,3486626,G,T,-0.798750745836191,ENST00000572969.6,NM_001170698.2
8,chr17,3486635,T,C,-0.798163779997287,ENST00000572969.6,NM_001170698.2
9,chr17,3486653,T,A,-0.797739423460897,ENST00000572969.6,NM_001170698.2
10,chr17,3486688,G,A,-0.794112136417952,ENST00000572969.6,NM_001170698.2
11,chr17,3486702,G,A,-0.777300920353275,ENST00000572969.6,NM_001170698.2
12,chr17,3486724,G,A,-0.798710606894525,ENST00000572969.6,NM_001170698.2
13,chr17,3486725,C,T,-0.788638676367763,ENST00000572969.6,NM_001170698.2
14,chr10,99155953,C,A,-0.903074274341112,ENST00000370552.8,NM_021828.5
15,chr3,137947761,A,G,-0.753319127180893,,
16,chr3,137947775,C,A,-0.551194089401543,,
17,chr3,137947806,G,A,-0.758130547603513,,
18,chr17,3635760,G,A,-0.872383871025065,ENST00000225519.5,NM_013276.4
19,chr17,3635773,C,T,-0.870476211778622,ENST00000225519.5,NM_013276.4
20,chr19,17339063,A,C,-0.8707039475172,ENST00000324894.13,NM_032620.4
21,chr22,23488857,C,T,-0.92780534418607,,
22,chr22,26884453,A,G,-0.973782813815598,,
23,chr22,38894090,G,A,-0.779264657075212,,
24,chr22,38894092,T,C,-0.651713864927333,,
25,chr22,38894164,G,T,-0.669684134929011,,
26,chr22,38894171,A,T,-0.806736525707902,,
27,chr14,64908093,T,G,-0.914308888563314,,
28,chr14,64908103,G,A,-0.90366385118497,,
29,chr14,64908108,G,T,-0.906652056295826,,
30,chr14,64908126,G,C,-0.895466773195069,,
31,chr14,64908137,A,G,-0.874121380627368,,
32,chr14,70842388,C,A,-0.899937952573866,,
33,chr20,18407706,C,A,-0.967240581104182,ENST00000699568.1,NM_001367614.1
34,chr20,18407805,T,G,-0.975673004551255,ENST00000699568.1,NM_001367614.1
35,chr20,18407818,A,G,-0.509863961095903,ENST00000699568.1,NM_001367614.1
36,chr20,36995412,G,C,-0.875197264602759,,
37,chr20,36995474,T,C,-0.897976615766122,,
38,chrX,18917332,C,T,-0.873320489881192,ENST00000379942.5,NM_000292.3
39,chrX,22244559,G,T,-0.980522658026883,ENST00000379374.5,NM_000444.6
40,chr16,4849723,C,T,-0.977256052208238,ENST00000262376.11,NM_001079514.3
41,chr16,4849731,G,C,-0.976933504266612,ENST00000262376.11,NM_001079514.3
42,chr16,4849775,T,C,-0.893988359483115,ENST00000262376.11,NM_001079514.3
43,chr16,4849810,C,G,-0.756690520899897,ENST00000262376.11,NM_001079514.3
44,chr16,16286738,C,T,-0.876706641871108,ENST00000399336.9,NM_001004067.4
45,chr16,16286785,G,T,-0.86762410051442,ENST00000399336.9,NM_001004067.4
46,chrX,48840185,A,G,-0.789744134655319,,
47,chrX,48840272,C,T,-0.697252760035292,,
48,chr19,8321497,T,A,-0.848051849644539,ENST00000600659.3,NM_001031.5
49,chr19,8321519,G,A,-0.852178807851172,ENST00000600659.3,NM_001031.5
50,chr19,8321549,C,G,-0.852178807851172,ENST00000600659.3,NM_001031.5
51,chr19,8321589,C,T,-0.8048385523276,ENST00000600659.3,NM_001031.5
52,chr19,8321595,G,T,-0.851671329626905,ENST00000600659.3,NM_001031.5
53,chr19,8321597,G,C,-0.794553377389897,ENST00000600659.3,NM_001031.5
54,chrX,69507979,G,A,-0.929676162382906,ENST00000252338.5,NM_015686.3
55,chrX,69508026,G,A,-0.853843568393406,ENST00000252338.5,NM_015686.3
56,chrX,69508041,A,C,-0.89685257932149,ENST00000252338.5,NM_015686.3
57,chr15,28234728,C,T,-0.713691584171008,ENST00000261609.13,NM_004667.6
58,chr7,26223408,A,G,-0.776376673652406,,
59,chr19,10103549,C,T,-0.743723406871913,,
60,chr19,10103558,T,A,-0.743671390305668,,
61,chr19,10812624,A,G,-0.992576818615117,ENST00000389253.9,NM_001005361.3
62,chr17,5352228,A,T,-0.875887048366037,ENST00000537505.6,NM_004703.6
63,chr7,38254707,G,A,-0.904861289206645,,
64,chr13,37546187,C,T,-0.718651760872674,,
65,chr16,28145277,T,G,-0.821670111829343,ENST00000304658.10,NM_015171.4
66,chr16,47621587,G,A,-0.82202827730584,ENST00000323584.10,NM_000293.3
67,chr16,47621611,C,T,-0.719571417362341,ENST00000323584.10,NM_000293.3
68,chr16,47621612,G,A,-0.830280332277416,ENST00000323584.10,NM_000293.3
69,chr16,53513140,A,G,-0.94365809135674,,
70,chr16,56873421,T,G,-0.808076876905973,ENST00000563236.6,NM_001126108.2
71,chr16,56873482,A,G,-0.806731003972605,ENST00000563236.6,NM_001126108.2
72,chr19,16547779,G,A,-0.783513941801221,,
73,chr19,16547789,T,C,-0.883346776787562,,
74,chr8,41563756,C,T,-0.987487834955459,,
75,chr8,41563762,G,A,-0.968927606418061,,
76,chr4,2910226,T,C,-0.897068988063424,ENST00000683351.1,NM_001354761.2
77,chr4,2910235,C,A,-0.880639326551312,ENST00000683351.1,NM_001354761.2
78,chr4,2910240,A,G,-0.785145235956988,ENST00000683351.1,NM_001354761.2
79,chr15,79220054,C,G,-0.890276660286716,,
80,chr15,79220077,T,C,-0.890276660286716,,
81,chr15,79220112,G,A,-0.886346395815025,,
82,chr15,79220146,G,C,-0.850112844443933,,
83,chr4,10509582,C,T,-0.840680870530286,ENST00000226951.11,NM_052964.4
84,chr19,41893508,C,T,-0.963791648140537,ENST00000354532.8,NM_004706.4
85,chr11,34163273,A,G,-0.811770704324305,ENST00000435224.3,NM_145804.3
86,chr11,34163296,G,T,-0.701083673896306,ENST00000435224.3,NM_145804.3
87,chr11,34163330,T,G,-0.793320484712131,ENST00000435224.3,NM_145804.3
88,chr11,34163352,C,T,-0.804498862300065,ENST00000435224.3,NM_145804.3
89,chr12,998348,A,G,-0.940476632541734,ENST00000360905.9,NM_178040.4
90,chr2,15769725,G,A,-0.989330008484579,,
91,chr12,5915208,G,A,-0.789933567594056,ENST00000682330.1,NM_001364791.2
92,chr12,6748183,G,A,-0.773771510185048,ENST00000203630.10,NM_001382226.1
93,chr12,6748220,A,G,-0.822174929946639,ENST00000203630.10,NM_001382226.1
94,chr12,7087758,T,C,-0.844851191451627,ENST00000647956.2,NM_001733.7
95,chr12,7087833,G,A,-0.860192589310533,ENST00000647956.2,NM_001733.7
96,chr12,7087875,A,C,-0.860881595211633,ENST00000647956.2,NM_001733.7
97,chr5,223688,G,T,-0.92453930045064,ENST00000264932.11,NM_004168.4
98,chr17,37457354,T,C,-0.865639947207073,ENST00000615182.5,NM_001166105.3
99,chr7,123514832,C,T,-0.836876399719446,ENST00000324698.11,NM_178827.5
100,chr9,117170248,G,A,-0.92827869601641,ENST00000313400.9,NM_001365068.1
101,chr10,108466417,A,G,-0.915494015625135,,
102,chr17,42959067,G,T,-0.722531876558309,ENST00000427569.7,NM_001261434.2
103,chr6,33627327,G,A,-0.913302992915065,ENST00000605930.3,NM_002224.4
104,chr6,33627331,G,C,-0.912600097188808,ENST00000605930.3,NM_002224.4
105,chr17,66431755,A,G,-0.856431334327006,ENST00000413366.8,NM_002737.3
106,chr12,120616696,C,T,-0.790661924435541,,
107,chr12,120616697,G,A,-0.754509677411881,,
108,chr6,108215108,G,C,-0.849926770784146,ENST00000230085.13,NM_003795.6
109,chr3,50356387,C,T,-0.94093298553553,ENST00000266025.4,NM_007024.5
110,chr3,50356453,G,A,-0.936213724576367,ENST00000266025.4,NM_007024.5
111,chr3,50356496,G,C,-0.934812812364888,ENST00000266025.4,NM_007024.5
112,chr2,211527921,G,A,-0.934048356697445,ENST00000342788.9,NM_005235.3
113,chr1,70700366,T,C,-0.921383911607313,,
114,chr1,115138452,C,T,-0.668213016009075,,
115,chr1,115138477,G,A,-0.673867934433557,,
116,chr9,115961131,T,C,-0.969485271755001,,
117,chr9,115961151,G,T,-0.951738158064328,,
118,chr9,115961153,T,A,-0.969485271755001,,
119,chr9,115961162,C,T,-0.968634749064906,,
120,chr9,115961170,G,A,-0.963305738176883,,
121,chr9,127652750,C,A,-0.969210335556733,ENST00000373302.8,NM_003165.6
122,chr14,75472666,T,C,-0.77927172045356,ENST00000651602.1,NM_001135048.2
123,chr14,75472669,G,T,-0.844241105715832,ENST00000651602.1,NM_001135048.2
124,chr10,116233716,C,T,-0.957852243496149,ENST00000355422.11,NM_005264.8
125,chr9,386329,A,C,-0.946613318993779,ENST00000432829.7,NM_203447.4
126,chr11,130011390,C,A,-0.898467962728624,,
127,chr11,130011412,A,G,-0.863205299051749,,
128,chr8,27394277,A,G,-0.874936303283436,ENST00000346049.10,NM_173176.3
129,chr8,27394299,A,C,-0.843257320641494,ENST00000346049.10,NM_173176.3
130,chr8,27394372,G,A,-0.906272894308269,ENST00000346049.10,NM_173176.3
131,chr5,35025865,T,C,-0.912954795186176,ENST00000231420.11,NM_031900.4
132,chr5,35025904,C,T,-0.91056282767264,ENST00000231420.11,NM_031900.4
133,chr5,35025965,A,G,-0.912954795186176,ENST00000231420.11,NM_031900.4
134,chr5,35025968,A,G,-0.911513498812114,ENST00000231420.11,NM_031900.4
135,chr7,2418344,G,A,-0.776524877944219,ENST00000618655.2,NM_018641.5
136,chr7,2418345,A,C,-0.778070116214456,ENST00000618655.2,NM_018641.5
137,chr20,39744001,T,C,-0.875,,
138,chr20,40122495,C,G,-0.781835569965273,,
139,chr20,44006252,A,C,-0.942548586138354,ENST00000341197.9,NM_001098797.2
140,chr20,47868064,C,T,-0.936344482342637,,
141,chr20,55931599,G,A,-0.904614407870913,,
142,chr20,58581842,G,C,-0.921988789625908,,
143,chr16,56544770,C,A,-0.926575358074072,ENST00000245157.11,NM_031885.5
144,chr16,56544856,T,C,-0.947578493189484,ENST00000245157.11,NM_031885.5
145,chr13,95244495,C,A,-0.932384870699091,ENST00000645237.2,NM_005845.5
146,chr2,118703103,A,G,-0.996241717215703,,
147,chr19,6684786,C,T,-0.953658462029134,ENST00000245907.11,NM_000064.4
148,chr19,50251342,C,A,-0.957652951677398,ENST00000642316.2,NM_001145809.2
149,chr14,56134003,A,G,-0.798997048906381,ENST00000267460.9,NM_021255.3
150,chr9,95784631,A,G,-0.894360471118482,,
151,chr9,95784658,C,A,-0.894612976509678,,
152,chr9,95784671,G,T,-0.901049054697543,,
153,chr9,95784676,G,A,-0.824233652091755,,
154,chr19,8321104,A,G,-0.763297164450208,ENST00000301457.3,NM_005001.5
155,chr19,8321118,A,G,-0.792552820473374,ENST00000301457.3,NM_005001.5
156,chr19,8321136,C,T,-0.791490243027376,ENST00000301457.3,NM_005001.5
157,chr22,42209733,A,G,-0.884700679500101,ENST00000677622.1,NM_001378418.1
158,chr15,67995641,G,A,-0.746896746924625,,
159,chr19,10789750,G,A,-0.509550697600111,ENST00000389253.9,NM_001005361.3
160,chr19,11422777,T,C,-0.906651061445743,ENST00000356392.9,NM_145045.5
161,chr2,20234078,C,G,-0.907870476360803,,
162,chr14,65245863,C,G,-0.625919749423903,,
163,chr14,65245887,C,T,-0.632165959313479,,
164,chr14,65245962,A,G,-0.646997397679537,,
165,chr14,65245998,A,G,-0.578326933926667,,
166,chr17,1399608,C,T,-0.847012877042806,ENST00000264335.13,NM_006761.5
167,chr17,1399670,G,A,-0.844641540728289,ENST00000264335.13,NM_006761.5
168,chr17,1399708,A,C,-0.828995250157227,ENST00000264335.13,NM_006761.5
169,chr20,13856681,T,C,-0.884887126729039,ENST00000284951.10,NM_025229.2
170,chr20,13856763,T,G,-0.935813499950641,ENST00000284951.10,NM_025229.2
171,chr18,46162963,A,G,-0.849678800475264,,
172,chr18,46163061,G,A,-0.841971609560674,,
173,chr15,31340087,C,T,-0.917083623106917,ENST00000307145.4,NM_015995.4
174,chr15,31340092,C,T,-0.922771865245624,ENST00000307145.4,NM_015995.4
175,chr12,21679808,C,A,-0.712673725268569,ENST00000350669.5,NM_002300.8
176,chr12,21679857,T,C,-0.752025176683025,ENST00000350669.5,NM_002300.8
177,chr12,21679873,C,T,-0.771578030544601,ENST00000350669.5,NM_002300.8
178,chr12,120802512,C,T,-0.931128215470988,ENST00000353487.7,NM_139015.5
179,chr12,52776219,A,G,-0.959112787432441,ENST00000332411.2,NM_015848.4
180,chr12,52776318,T,G,-0.962372327713006,ENST00000332411.2,NM_015848.4
181,chr12,58090138,C,T,-0.787532163224927,,
182,chr11,47317071,G,A,-0.819554661782119,,
183,chr7,2956920,T,C,-0.983837998840174,ENST00000396946.9,NM_032415.7
184,chr7,45103514,C,T,-0.672192984475115,ENST00000258770.8,NM_004749.4
185,chr7,45103533,C,T,-0.721273840679629,ENST00000258770.8,NM_004749.4
186,chr7,45103564,T,C,-0.718562272953039,ENST00000258770.8,NM_004749.4
187,chr17,48154727,C,A,-0.896351345490437,ENST00000336915.11,NM_003726.4
188,chr9,111954568,G,A,-0.926834148938282,,
189,chr9,111954652,A,C,-0.885172772996352,,
190,chr9,132620393,T,C,-0.984222278617062,ENST00000372159.8,NM_022779.9
191,chr9,132620396,G,T,-0.947784891560888,ENST00000372159.8,NM_022779.9
192,chr6,18197817,G,A,-0.925702260224333,ENST00000650836.2,NM_001364614.2
193,chr15,41770736,T,C,-0.888750169841238,,
194,chr15,72550420,C,T,-0.724111523756286,ENST00000379887.9,NM_005744.5
195,chr2,37410567,C,T,-0.885126004708359,,
196,chr2,37410631,C,G,-0.904353440785315,,
197,chr2,37410671,A,C,-0.858911378298481,,
198,chr10,116197618,G,A,-0.856763020369545,ENST00000355422.11,NM_005264.8
199,chr10,116197709,T,C,-0.923176741750972,ENST00000355422.11,NM_005264.8
200,chr10,71683572,C,T,-0.561076963909238,ENST00000224721.12,NM_022124.6
201,chr10,71683574,A,G,-0.570007280698593,ENST00000224721.12,NM_022124.6
202,chr10,71683587,C,T,-0.560851453551694,ENST00000224721.12,NM_022124.6
203,chr10,71689754,T,C,-0.778953002668779,ENST00000224721.12,NM_022124.6
204,chr10,71689828,A,G,-0.799121229295247,ENST00000224721.12,NM_022124.6
205,chr10,71689831,C,T,-0.796463950471249,ENST00000224721.12,NM_022124.6
206,chr10,71689832,G,A,-0.724154683489294,ENST00000224721.12,NM_022124.6
207,chr10,71689839,A,C,-0.775923890123656,ENST00000224721.12,NM_022124.6
208,chr3,133327738,A,C,-0.746057949232789,ENST00000321871.11,NM_023943.4
209,chr3,133327769,T,G,-0.765871376956049,ENST00000321871.11,NM_023943.4
210,chr3,133327820,A,G,-0.761381632206127,ENST00000321871.11,NM_023943.4
211,chr4,79516592,G,T,-0.939787024087944,,
212,chr12,7355204,G,T,-0.770368222420516,ENST00000313599.8,NM_174941.6
213,chr12,7355265,G,A,-0.721513682810368,ENST00000313599.8,NM_174941.6
214,chr12,7355280,C,T,-0.776625505994442,ENST00000313599.8,NM_174941.6
215,chr12,7355285,C,T,-0.810877050508243,ENST00000313599.8,NM_174941.6
216,chr12,54894410,G,A,-0.975241833788067,ENST00000308796.11,NM_058173.3
217,chr12,56528168,C,T,-0.915809811635017,ENST00000262031.10,NM_002898.4
218,chr13,113888271,G,A,-0.864933456600108,,
219,chr14,31549773,T,G,-0.97106639815143,ENST00000281081.12,NM_025152.3
220,chr14,31549776,C,A,-0.995237276128848,ENST00000281081.12,NM_025152.3
221,chr14,92958540,C,G,-0.832854048030591,ENST00000267615.11,NM_014216.6
222,chr14,92958575,C,G,-0.878206411518342,ENST00000267615.11,NM_014216.6
223,chr15,52615548,T,G,-0.973033268574667,ENST00000619572.5,NM_001385016.1
224,chr15,75146363,T,C,-0.875278344400778,,
225,chr15,91419701,C,G,-0.980204235240459,,
226,chr16,4872914,G,A,-0.570804643992415,ENST00000262376.11,NM_001079514.3
227,chr16,4872919,G,A,-0.682656171363398,ENST00000262376.11,NM_001079514.3
228,chr16,4872919,G,C,-0.729623044111142,ENST00000262376.11,NM_001079514.3
229,chr16,4872967,T,C,-0.730678854573035,ENST00000262376.11,NM_001079514.3
230,chr16,14687157,C,A,-0.886659535843825,ENST00000438167.8,NM_003561.3
231,chr16,47682436,T,G,-0.742222115405063,ENST00000323584.10,NM_000293.3
232,chr16,47682442,A,C,-0.821869907200832,ENST00000323584.10,NM_000293.3
233,chr16,71603753,T,C,-0.995679830082403,,
234,chr16,57153562,G,A,-0.987809933133867,ENST00000309137.13,NM_024946.4
235,chr16,57153567,G,A,-0.894433644867196,ENST00000309137.13,NM_024946.4
236,chr16,84476107,C,G,-0.784802513115903,,
237,chr16,84476154,C,T,-0.769874345444655,,
238,chr16,84476175,C,T,-0.811554161172586,,
239,chr16,84476178,G,C,-0.811554161172586,,
240,chr16,84476200,A,T,-0.804909315379724,,
241,chr16,84476205,G,A,-0.792808698813475,,
242,chr17,74158698,C,T,-0.925493954719459,,
243,chr19,50394659,T,A,-0.994798637739837,ENST00000440232.7,NM_002691.4
244,chr1,45341284,A,C,-0.981713836609368,ENST00000372090.6,NM_025077.4
245,chr1,45341367,C,T,-0.969875397834264,ENST00000372090.6,NM_025077.4
246,chr1,160169640,G,A,-0.963493975450835,ENST00000368081.9,NM_144699.4
247,chr1,230923348,G,A,-0.929856344628983,ENST00000366661.9,NM_024525.5
248,chr3,151127014,T,C,-0.879161281371582,ENST00000687756.1,NM_001393769.1
249,chr3,151127038,C,T,-0.88635440943854,ENST00000687756.1,NM_001393769.1
250,chr3,151127054,T,C,-0.886209168332775,ENST00000687756.1,NM_001393769.1
251,chr5,150425419,T,C,-0.859199393038658,,
252,chrX,117733192,G,A,-0.943158587698375,,
253,chr10,17168761,T,C,-0.660181147807631,ENST00000377799.8,NM_004412.7
254,chr10,17168805,A,G,-0.748060422489857,ENST00000377799.8,NM_004412.7
255,chr10,17168806,T,C,-0.688321206619233,ENST00000377799.8,NM_004412.7
256,chr10,17168811,A,C,-0.748234426387541,ENST00000377799.8,NM_004412.7
257,chr10,17168827,T,A,-0.751165334669343,ENST00000377799.8,NM_004412.7
258,chr10,17168829,G,A,-0.740678923462881,ENST00000377799.8,NM_004412.7
259,chr10,79743701,G,A,-0.733146695706259,,
260,chr10,79743702,T,C,-0.741185669072917,,
261,chr10,79743715,T,C,-0.691374701383187,,
262,chr10,79743719,C,T,-0.76332678191275,,
263,chr10,79743732,G,A,-0.751247388697442,,
264,chr10,79743734,C,T,-0.759492120330195,,
265,chr10,79743756,A,T,-0.771302018044051,,
266,chr10,79743764,C,T,-0.581722320717434,,
267,chr10,79743765,G,A,-0.769261084766698,,
268,chr10,79743775,A,T,-0.734292704936434,,
269,chr10,92675294,A,G,-0.961531257987045,,
270,chr10,103869369,G,T,-0.857840768969865,ENST00000224950.8,NM_024928.5
271,chr10,103869392,A,C,-0.851900921873469,ENST00000224950.8,NM_024928.5
272,chr10,103869423,C,A,-0.875962145948199,ENST00000224950.8,NM_024928.5
273,chr10,127798415,A,C,-0.954585654857074,,
274,chr11,113285104,C,T,-0.876929005723918,,
275,chr11,113285105,G,A,-0.857656427263713,,
276,chr11,134226193,A,G,-0.938596786654155,ENST00000281187.10,NM_052875.5
277,chr20,30507720,C,T,-0.625451188007428,,
278,chr10,61955965,C,T,-0.786864296973504,ENST00000279873.12,NM_032199.3
279,chr10,61955974,C,T,-0.775571438482656,ENST00000279873.12,NM_032199.3
280,chr10,61955999,G,A,-0.719014271358073,ENST00000279873.12,NM_032199.3
281,chr10,61956003,T,C,-0.794019917964456,ENST00000279873.12,NM_032199.3
282,chr11,86153891,C,T,-0.658035122032759,,
283,chr11,86153899,G,A,-0.693184861718617,,
284,chr11,86153911,G,A,-0.677163174248045,,
285,chr11,86153920,C,G,-0.693916620942539,,
286,chr11,86153920,C,A,-0.755937152583652,,
287,chr11,86153949,C,A,-0.761995873442808,,
288,chr11,86153970,A,G,-0.760725470374271,,
289,chr11,86153973,G,C,-0.757296406108064,,
290,chr11,86153975,G,C,-0.745635293574941,,
291,chr11,86153981,C,T,-0.739320392349193,,
292,chr10,12252325,A,G,-0.947289503955207,,
293,chr18,43579417,C,T,-0.65672214684554,,
294,chr18,43579438,C,A,-0.766278086320385,,
295,chr18,43579439,C,T,-0.75234243536974,,
296,chr18,43579446,C,T,-0.710676374910424,,
297,chr18,43579482,G,A,-0.757812553943701,,
298,chr12,48525086,A,G,-0.889907797210109,,
299,chr12,48525091,T,C,-0.832494800298925,,
300,chr12,48525123,G,A,-0.573970179702122,,
301,chr12,48525125,A,G,-0.841916472128349,,
302,chr1,231333115,A,G,-0.907309340747713,ENST00000366645.1,NM_175876.5
303,chr2,135655909,A,T,-0.95582511243267,ENST00000683871.1,NM_001378107.1
304,chr2,135656010,G,A,-0.9632079595509,ENST00000683871.1,NM_001378107.1
305,chr2,89028856,G,A,-0.815818645366698,,
306,chr3,14958731,T,C,-0.780510000380717,ENST00000425241.6,NM_001291694.2
307,chr3,14958760,A,G,-0.758298047520347,ENST00000425241.6,NM_001291694.2
308,chr3,14958762,G,A,-0.779965103515498,ENST00000425241.6,NM_001291694.2
309,chr3,14958780,T,C,-0.721640640163462,ENST00000425241.6,NM_001291694.2
310,chr3,14958804,C,T,-0.773881179905661,ENST00000425241.6,NM_001291694.2
311,chr3,14958814,A,G,-0.743653725360286,ENST00000425241.6,NM_001291694.2
312,chr3,14958866,G,A,-0.760143211948689,ENST00000425241.6,NM_001291694.2
313,chr5,157181074,T,G,-0.904888532629893,ENST00000422843.8,NM_005546.4
314,chr8,97258088,C,T,-0.854173070664325,,
315,chr8,97258190,A,T,-0.82464052405785,,
316,chr5,148691769,T,C,-0.962623331556936,,
317,chr5,148691770,A,G,-0.946026784113744,,
318,chr11,44948309,G,A,-0.878362021613117,ENST00000525680.6,NM_006034.5
319,chr11,47657118,G,C,-0.951128081699734,,
320,chr11,47657124,C,G,-0.953091229907239,,
321,chr11,47657125,T,C,-0.888706860431494,,
322,chr11,47657140,A,T,-0.849986962769563,,
323,chr7,137293711,C,T,-0.917109116776451,ENST00000348225.7,NM_002825.7
324,chr2,54873038,T,A,-0.88085383627244,ENST00000356458.8,NM_001039753.4
325,chr2,54873076,A,G,-0.927182281176416,ENST00000356458.8,NM_001039753.4
326,chr2,31587112,T,G,-0.939614275942781,,
327,chr2,31569631,T,G,-0.757770909835715,ENST00000622030.2,NM_000348.4
328,chr2,31569667,T,A,-0.756676277230765,ENST00000622030.2,NM_000348.4
329,chr2,31569705,G,A,-0.712589662105979,ENST00000622030.2,NM_000348.4
330,chr2,31569724,C,A,-0.774539806734811,ENST00000622030.2,NM_000348.4
331,chr2,31569742,T,A,-0.772438231143368,ENST00000622030.2,NM_000348.4
332,chr1,36897402,C,T,-0.891955918882314,ENST00000373091.8,NM_000831.4
333,chr8,24255211,C,T,-0.937102411806746,,
334,chr20,44437828,A,C,-0.972300605416405,,
335,chr12,9073661,G,A,-0.851023694020214,ENST00000318602.12,NM_000014.6
336,chr12,9073668,A,G,-0.838308682244032,ENST00000318602.12,NM_000014.6
337,chr21,47630680,A,G,-0.99313139886277,,
338,chr21,47630686,G,C,-0.986567446464269,,
339,chr19,41201894,C,T,-0.762528494809072,ENST00000310054.9,NM_030622.8
340,chr12,50357838,A,T,-0.646465212065977,ENST00000327337.6,NM_001145475.3
341,chr12,50357857,C,T,-0.797027808997355,ENST00000327337.6,NM_001145475.3
342,chr12,50357903,C,G,-0.792924879559833,ENST00000327337.6,NM_001145475.3
343,chr12,50357938,C,T,-0.839143343107435,ENST00000327337.6,NM_001145475.3
344,chr12,50357939,G,A,-0.839143343107435,ENST00000327337.6,NM_001145475.3
345,chr12,50357969,C,T,-0.829089689413768,ENST00000327337.6,NM_001145475.3
346,chr12,50357975,C,T,-0.837394437581795,ENST00000327337.6,NM_001145475.3
347,chr1,86499548,C,G,-0.800961145602019,ENST00000394711.2,NM_001285.4
348,chr1,86499578,C,A,-0.775696217343444,ENST00000394711.2,NM_001285.4
349,chr1,86499587,C,A,-0.842698814415,ENST00000394711.2,NM_001285.4
350,chr1,86499618,A,C,-0.801714883796758,ENST00000394711.2,NM_001285.4
351,chr2,71743377,G,C,-0.882671201694834,,
352,chr2,28812547,A,G,-0.951949447652266,ENST00000334056.10,NM_182756.4
353,chr2,28812637,G,A,-0.98657025428195,ENST00000334056.10,NM_182756.4
354,chr3,45561788,G,A,-0.856461821488153,ENST00000273317.5,NM_014240.3
355,chr3,196053903,C,A,-0.661262673287662,ENST00000360110.9,NM_001128148.3
356,chr3,196053913,A,G,-0.676171450334333,ENST00000360110.9,NM_001128148.3
357,chr3,52156395,C,G,-0.937086562598072,,
358,chr3,52156481,T,A,-0.928803308699784,,
359,chr3,52156494,C,T,-0.916710351592129,,
360,chr5,31424569,C,T,-0.848716695021588,ENST00000344624.8,NM_001382508.1
361,chr7,94045818,A,G,-0.813510526600202,,
362,chr7,94056286,C,G,-0.823701468157852,,
363,chr7,94056301,T,G,-0.794191471650156,,
364,chr7,94056307,T,G,-0.818433013585308,,
365,chr7,94056315,T,A,-0.818582915455273,,
366,chr7,94056332,G,A,-0.769693071737965,,
367,chr7,94056337,A,G,-0.824732570591623,,
368,chr7,94056337,A,C,-0.753480108829827,,
369,chr7,94056352,C,T,-0.818825268873892,,
370,chr7,94056353,G,A,-0.805364758204866,,
371,chr7,94056358,T,C,-0.815994131143316,,
372,chr7,94056358,T,G,-0.824732570591623,,
373,chr7,94056360,C,T,-0.718605737580964,,
374,chr9,107554238,G,A,-0.518367193069219,,
375,chr9,72090963,C,T,-0.90094220225336,,
376,chr7,76903010,G,C,-0.97953994659114,,
377,chr9,117399268,A,G,-0.972582751038325,ENST00000313400.9,NM_001365068.1
378,chr11,74079621,C,T,-0.922740345767629,ENST00000334126.12,NM_001286577.2
379,chr11,74079625,A,T,-0.923749016791026,ENST00000334126.12,NM_001286577.2
380,chr11,125324026,C,T,-0.921128103287698,ENST00000298282.14,NM_001382323.2
381,chr10,18807262,C,T,-0.959854132874093,,
382,chr10,18807349,G,T,-0.966591096338076,,
383,chr11,95574816,G,A,-0.938397846989258,,
384,chr11,134182704,T,C,-0.995113673505796,ENST00000534548.7,NM_015261.3
385,chr11,120707554,G,A,-0.894577949346602,ENST00000527524.8,NM_014619.5
386,chr10,72489048,A,G,-0.913295394862657,ENST00000361114.10,NM_001195518.2
387,chr10,72489136,A,T,-0.92519791824441,ENST00000361114.10,NM_001195518.2
388,chr10,72645014,G,C,-0.838130376618447,,
389,chr10,75003602,T,G,-0.990328376001091,ENST00000287239.10,NM_012330.4
390,chr10,75003690,G,T,-0.973322449097794,ENST00000287239.10,NM_012330.4
391,chr10,75003693,A,G,-0.971859906291009,ENST00000287239.10,NM_012330.4
392,chr11,8122041,C,G,-0.794882147700585,ENST00000309737.11,NM_001206671.4
393,chr11,8122058,C,T,-0.80528056278913,ENST00000309737.11,NM_001206671.4
394,chr11,8122067,C,T,-0.851130395425835,ENST00000309737.11,NM_001206671.4
395,chr11,8122070,C,T,-0.865362590726125,ENST00000309737.11,NM_001206671.4
396,chr11,8122072,A,G,-0.861663946565095,ENST00000309737.11,NM_001206671.4
397,chr11,8122147,A,G,-0.825362505028588,ENST00000309737.11,NM_001206671.4
398,chr11,8122154,T,C,-0.807393846460758,ENST00000309737.11,NM_001206671.4
399,chr15,78475128,C,G,-0.960823503688593,ENST00000258886.13,NM_004136.4
400,chr16,10846484,C,T,-0.973158137928938,,
401,chr11,113849955,G,A,-0.86390164325585,ENST00000696973.1,NM_001346252.4
402,chr11,113849977,C,G,-0.918340009757732,ENST00000696973.1,NM_001346252.4
403,chr11,18102954,T,A,-0.920493004756428,ENST00000524803.6,NM_138421.3
404,chr16,21071585,C,T,-0.905302140740542,ENST00000698260.1,NM_001347886.2
405,chr20,34219249,T,A,-0.588286114226957,ENST00000374954.4,NM_001672.3
406,chr11,117152285,C,T,-0.77113300794727,ENST00000527958.6,NM_002572.4
407,chr16,68094954,T,C,-0.825880533228143,ENST00000346183.8,NM_173165.3
408,chr17,80617462,G,T,-0.797883752559202,ENST00000306801.8,NM_020761.3
409,chr17,80617542,G,T,-0.767159677681049,ENST00000306801.8,NM_020761.3
410,chr17,80617556,A,C,-0.795004873301465,ENST00000306801.8,NM_020761.3
411,chr19,16240348,T,C,-0.74816403352897,ENST00000291439.8,NM_032493.4
412,chr19,16240379,G,A,-0.732501430548148,ENST00000291439.8,NM_032493.4
413,chr19,4429698,T,G,-0.802915235278198,ENST00000301280.10,NM_005483.3
414,chr19,4429749,A,G,-0.778551838190954,ENST00000301280.10,NM_005483.3
415,chr11,63680362,C,T,-0.817995661022942,,
416,chr17,73035367,C,T,-0.993071750730418,ENST00000255559.8,NM_139177.4
417,chr17,74008084,T,C,-0.918498524271418,,
418,chr17,4684074,T,A,-0.905847205834169,ENST00000572293.7,NM_014389.3
419,chr17,4684169,G,A,-0.871728017453595,ENST00000572293.7,NM_014389.3
420,chr17,4684169,G,C,-0.918258723965913,ENST00000572293.7,NM_014389.3
421,chr8,43048980,A,G,-0.848181598445758,ENST00000302279.8,NM_002027.3
422,chr8,43048987,G,A,-0.820995933978609,ENST00000302279.8,NM_002027.3
423,chr1,40097168,C,G,-0.81209942438702,ENST00000642050.2,NM_000310.4
424,chr3,51126697,A,G,-0.772021442922706,ENST00000266037.10,NM_004947.5
425,chr2,189861105,T,G,-0.91335773660691,ENST00000441310.7,NM_000534.5
426,chr2,189861228,T,C,-0.841001170745741,ENST00000441310.7,NM_000534.5
427,chr2,189859254,T,C,-0.766510931370407,ENST00000441310.7,NM_000534.5
428,chr2,189859326,T,C,-0.84286232768777,ENST00000441310.7,NM_000534.5
429,chr2,189854798,C,G,-0.627279344269382,ENST00000441310.7,NM_000534.5
430,chr2,189854813,T,C,-0.642712223927846,ENST00000441310.7,NM_000534.5
431,chr19,16301329,A,G,-0.950824672892412,,
432,chr7,47853525,T,C,-0.942684215864899,ENST00000289672.7,NM_138295.5
433,chr7,47853528,C,A,-0.989836128645855,ENST00000289672.7,NM_138295.5
434,chr18,21057051,G,C,-0.846222568930001,ENST00000399799.3,NM_005406.3
435,chr8,86178932,G,C,-0.949557142405923,,
436,chr1,55548941,T,C,-0.762066757318998,,
437,chr1,55548945,C,T,-0.892751277451694,,
438,chr4,78808447,T,C,-0.541390542136156,ENST00000502613.3,NM_198892.2
439,chr3,33063153,A,G,-0.912594020737213,ENST00000307363.10,NM_000404.4
440,chr16,20371887,T,A,-0.934575864150911,ENST00000302451.9,NM_174924.2
441,chr1,43217944,C,T,-0.896513364142334,ENST00000372492.9,NM_001378189.1
442,chr16,4405321,T,C,-0.988071541461691,ENST00000251166.9,NM_024535.5
443,chr17,73839579,A,G,-0.777318729118063,,
444,chr17,73839600,T,G,-0.77675373753722,,
445,chr15,41768726,G,A,-0.970009651153586,,
446,chr5,80638551,C,T,-0.513947592594818,ENST00000439211.7,NM_000791.4
447,chr4,2747263,C,T,-0.940712010037619,ENST00000315423.12,NM_024309.4
448,chr1,11134021,C,T,-0.787563102081598,ENST00000361445.9,NM_004958.4
449,chr1,11134035,C,T,-0.747497338055424,ENST00000361445.9,NM_004958.4
450,chr3,48207123,T,C,-0.934708872312406,,
451,chr1,154303586,C,A,-0.766404009461875,,
452,chr15,100802642,T,C,-0.955793625721027,,
453,chr15,44127258,G,C,-0.982323148221867,ENST00000417257.6,NM_032892.5
454,chr1,86488221,C,T,-0.858257827847609,ENST00000394711.2,NM_001285.4
455,chr1,86523659,C,G,-0.994465413382826,,
456,chrX,74332751,T,C,-0.94150263671503,,
457,chrX,74332825,C,T,-0.931949118762703,,
458,chrX,74332835,G,T,-0.943055258505693,,
459,chr12,51112762,C,T,-0.867021689956521,ENST00000257915.10,NM_005653.5
460,chr12,51112766,G,C,-0.855253586714176,ENST00000257915.10,NM_005653.5
461,chr5,1272362,G,A,-0.802105819781677,ENST00000310581.10,NM_198253.3
462,chr5,1272401,G,A,-0.851551185480702,ENST00000310581.10,NM_198253.3
463,chr8,33354730,C,G,-0.897311343462537,,
464,chr11,120308099,T,G,-0.937773885733711,ENST00000543440.7,NM_014352.4
465,chr13,61057968,G,T,-0.751204218013342,,
466,chr8,139688879,C,G,-0.939874689911476,ENST00000520439.3,NM_001282534.2
467,chr18,694294,G,A,-0.91540262460068,ENST00000647584.2,NM_017512.7
468,chr5,1325942,A,G,-0.783982101958604,ENST00000320895.10,NM_030782.5
469,chr15,85464233,T,C,-0.850118708310954,ENST00000394518.7,NM_007200.5
470,chr15,85464285,C,T,-0.830596452803164,ENST00000394518.7,NM_007200.5
471,chr15,85464305,G,T,-0.866124605291092,ENST00000394518.7,NM_007200.5
472,chr15,85461753,A,T,-0.928238308871636,ENST00000394518.7,NM_007200.5
473,chr15,85451943,T,C,-0.897575428828405,ENST00000394518.7,NM_007200.5
474,chr18,55226466,C,T,-0.758257921813215,ENST00000354452.8,NM_001083962.2
475,chr12,56749295,C,T,-0.816933930893015,ENST00000338193.11,NM_000946.3
476,chr12,56749296,G,A,-0.815125535963561,ENST00000338193.11,NM_000946.3
477,chr12,56749315,T,C,-0.817138760958798,ENST00000338193.11,NM_000946.3
478,chr19,33655170,A,G,-0.927476997226992,ENST00000650847.1,NM_001127895.2
479,chr19,33655172,G,T,-0.673087022213274,ENST00000650847.1,NM_001127895.2
480,chr8,41575226,A,G,-0.952607151896604,,
481,chr9,37349454,G,C,-0.970436197881426,ENST00000336755.10,NM_032226.3
482,chr11,12270710,T,G,-0.921795932000998,ENST00000683283.1,NM_001282663.2
483,chr11,12270736,G,T,-0.920070789763235,ENST00000683283.1,NM_001282663.2
484,chr22,26107114,A,G,-0.907231571782154,,
485,chr15,89020190,C,T,-0.663562827952542,,
486,chr15,89020237,C,T,-0.759947568619449,,
487,chr15,89020238,G,A,-0.746657794705704,,
488,chr15,89020288,A,C,-0.759510387211196,,
489,chr15,89020300,T,C,-0.727983098265848,,
490,chr8,141716215,T,C,-0.978399202690065,,
491,chr8,100977658,C,A,-0.964603949305822,,
492,chr17,80972396,C,T,-0.861928404315324,,
493,chr17,80972397,T,G,-0.553359234753637,,
494,chr15,91561035,C,A,-0.88653219862038,,
495,chr15,91561061,G,T,-0.796590659112002,,
496,chr15,91561065,C,T,-0.888541333352923,,
497,chr15,91561081,T,C,-0.87990292100223,,
498,chr15,91561115,G,A,-0.863344675076142,,
499,chr22,32446006,G,A,-0.847154041393004,ENST00000300399.9,NM_174932.3
500,chr3,49885050,G,C,-0.790615632144828,,
501,chr1,240966240,G,A,-0.756144175356611,ENST00000440928.6,NM_001364886.1
502,chr22,31846313,C,G,-0.783918248543897,ENST00000651528.2,NM_001242896.3
503,chr17,4381933,G,C,-0.957750851542381,,
504,chr1,110458279,G,T,-0.795508672597985,,
505,chr17,79671746,G,A,-0.997538892133942,,
506,chr11,20117218,G,A,-0.902777924541025,ENST00000349880.9,NM_145117.5
507,chr15,73848732,G,A,-0.91586392477691,,
508,chr8,139767395,C,A,-0.979565572367735,ENST00000438773.4,NM_001160372.4
509,chr8,139767399,C,T,-0.978060360605538,ENST00000438773.4,NM_001160372.4
510,chr6,165712992,C,T,-0.858154901044865,ENST00000539869.4,NM_001385079.1
511,chr20,19634703,C,G,-0.95271672879425,ENST00000328041.11,NM_020689.4
512,chr7,120382656,G,A,-0.94133597787867,ENST00000331113.9,NM_012281.3
513,chr7,120382657,G,A,-0.797288857018544,ENST00000331113.9,NM_012281.3
514,chr15,89857937,A,G,-0.961252440065937,ENST00000336418.9,NM_005829.5
515,chr1,156513940,T,C,-0.978924434366443,,
516,chr1,156514000,G,A,-0.968025154871302,,
517,chr17,29281542,A,G,-0.964255461398922,ENST00000225388.9,NM_020772.3
518,chr17,29281578,G,A,-0.978347914346473,ENST00000225388.9,NM_020772.3
519,chr19,4332078,G,A,-0.636449089435922,ENST00000594605.6,NM_001013841.2
520,chr17,80923623,C,T,-0.966628414388569,ENST00000306801.8,NM_020761.3
521,chr17,79564283,G,A,-0.973939649058678,ENST00000693108.1,NM_001350451.2
522,chr17,79564358,G,C,-0.974842079834568,ENST00000693108.1,NM_001350451.2
523,chr18,44586030,G,A,-0.908495248357836,,
524,chr15,22928185,C,T,-0.825118688339475,ENST00000617928.5,NM_014608.6
525,chr12,132683764,G,A,-0.833381997951722,ENST00000320574.10,NM_006231.4
526,chr12,132683819,A,G,-0.829755445351811,ENST00000320574.10,NM_006231.4
527,chr12,56749542,G,A,-0.750489064919626,ENST00000338193.11,NM_000946.3
528,chr12,56749552,C,T,-0.745359302412636,ENST00000338193.11,NM_000946.3
529,chr12,56749576,C,G,-0.750489064919626,ENST00000338193.11,NM_000946.3
530,chrX,147919219,G,A,-0.915879389668077,ENST00000370475.9,NM_002024.6
531,chr8,139774711,T,G,-0.960844500883356,ENST00000438773.4,NM_001160372.4
532,chr8,139749766,C,A,-0.841563284008472,ENST00000438773.4,NM_001160372.4
533,chr20,31654613,T,C,-0.766528064857139,,
534,chr8,25250291,T,G,-0.635074825531223,ENST00000276440.12,NM_024940.8
535,chr8,139793225,T,C,-0.880897550071202,ENST00000438773.4,NM_001160372.4
536,chr1,145601624,T,A,-0.885125345452688,,
537,chr18,12421537,A,C,-0.96304119239376,ENST00000440960.6,NM_001142405.2
538,chr11,25098874,G,A,-0.946320828088901,,
539,chr1,10331592,A,C,-0.75496459114572,ENST00000676179.1,NM_001365951.3
540,chr15,65234687,C,T,-0.938941594363955,ENST00000649807.2,NM_001316943.2
541,chr4,109817785,C,T,-0.623210492242503,ENST00000226796.7,NM_018983.4
542,chr10,71697472,G,A,-0.891029094594132,ENST00000224721.12,NM_022124.6
543,chr10,21108353,C,T,-0.626763571725051,ENST00000377122.9,NM_006393.3
544,chr10,21108354,G,A,-0.63282926097169,ENST00000377122.9,NM_006393.3
545,chr10,21108375,C,T,-0.619542576620084,ENST00000377122.9,NM_006393.3
546,chr10,21108376,G,A,-0.572601865835103,ENST00000377122.9,NM_006393.3
547,chr10,21108385,T,A,-0.625336111607353,ENST00000377122.9,NM_006393.3
548,chr10,21108395,C,T,-0.591175743333145,ENST00000377122.9,NM_006393.3
549,chr10,21108452,G,C,-0.629874375155741,ENST00000377122.9,NM_006393.3
550,chr10,21108471,T,C,-0.630688609212255,ENST00000377122.9,NM_006393.3
551,chr10,21108474,G,C,-0.578851069915029,ENST00000377122.9,NM_006393.3
552,chr8,139620182,G,A,-0.986241320127324,ENST00000520439.3,NM_001282534.2
553,chr12,132561048,T,G,-0.853878756073873,ENST00000680143.1,NM_001367871.1
554,chr19,40512006,C,T,-0.747610453081002,ENST00000598249.6,NM_020971.3
555,chr19,40512090,G,A,-0.712270921281116,ENST00000598249.6,NM_020971.3
556,chr19,40512095,T,A,-0.754776619770915,ENST00000598249.6,NM_020971.3
557,chr17,74942509,A,G,-0.7757529111047,ENST00000328801.6,NM_001272005.2
558,chr17,74942519,A,G,-0.760668656493021,ENST00000328801.6,NM_001272005.2
559,chr8,139614404,T,C,-0.900688676336154,ENST00000520439.3,NM_001282534.2
560,chr5,177688722,C,T,-0.873686142122383,,
561,chr5,177688722,C,A,-0.869324823590042,,
562,chr2,189856381,A,G,-0.771439372860895,ENST00000441310.7,NM_000534.5
563,chr2,189856387,C,A,-0.75480804795226,ENST00000441310.7,NM_000534.5
564,chr2,189856398,C,G,-0.672016561199591,ENST00000441310.7,NM_000534.5
565,chr2,189856407,G,C,-0.76870787577081,ENST00000441310.7,NM_000534.5
566,chr2,189856420,G,A,-0.738802017888685,ENST00000441310.7,NM_000534.5
567,chr2,189856425,C,T,-0.767011288562096,ENST00000441310.7,NM_000534.5
568,chr8,25209343,G,A,-0.944405387872049,ENST00000276440.12,NM_024940.8
569,chrX,107449827,T,C,-0.594461439499223,ENST00000683843.1,NM_001388459.1
570,chr9,20948835,A,G,-0.906054003854605,ENST00000338382.11,NM_001375567.1
571,chr9,20948869,G,T,-0.863332028811397,ENST00000338382.11,NM_001375567.1
572,chr9,20948917,A,G,-0.91428001287111,ENST00000338382.11,NM_001375567.1
573,chr9,20948929,T,A,-0.916790586125379,ENST00000338382.11,NM_001375567.1
574,chr9,20948931,A,T,-0.915969362423023,ENST00000338382.11,NM_001375567.1
575,chr1,32145638,C,T,-0.964945065896643,ENST00000373625.8,NM_012316.5
576,chr1,32145643,C,T,-0.968318218158415,ENST00000373625.8,NM_012316.5
577,chr3,194134592,G,T,-0.874209699957683,,
578,chr7,94051197,T,C,-0.962582816883333,,
579,chr7,94051246,T,G,-0.923944510319579,,
580,chr8,139638427,A,T,-0.927501180162381,ENST00000520439.3,NM_001282534.2
581,chr8,139638483,T,A,-0.887189180667148,ENST00000520439.3,NM_001282534.2
582,chr8,139638497,C,T,-0.866700267209339,ENST00000520439.3,NM_001282534.2
583,chr8,139617014,T,C,-0.909823884054566,ENST00000520439.3,NM_001282534.2
584,chrX,107821507,T,C,-0.853245115312159,,
585,chrX,107821533,C,G,-0.848898051995005,,
586,chrX,107821614,G,T,-0.855903050582082,,
587,chr1,201822136,C,G,-0.941738963220331,ENST00000685211.1,NM_001389617.1
588,chr20,60573165,C,T,-0.919868037292848,,
589,chr2,227974002,C,G,-0.898452065367374,,
590,chr2,227974005,A,T,-0.879285981077072,,
591,chr2,227974030,G,C,-0.882722042189536,,
592,chr2,227976406,C,T,-0.640125172901724,,
593,chr2,227976418,C,A,-0.705885123186698,,
594,chr2,227976431,T,A,-0.706192383933827,,
595,chr2,228004877,C,T,-0.945943852175217,ENST00000392056.8,NM_001142644.2
596,chr2,228004922,T,C,-0.53776096828642,ENST00000392056.8,NM_001142644.2
597,chr2,189933623,A,G,-0.867382274323712,ENST00000340623.4,NM_001042519.2
598,chr2,189912941,T,C,-0.833691021756557,ENST00000340623.4,NM_001042519.2
599,chr2,189916968,A,C,-0.927609726380084,ENST00000340623.4,NM_001042519.2
600,chr2,189918150,C,G,-0.973207059145138,ENST00000340623.4,NM_001042519.2
601,chr2,189929274,T,C,-0.841359789881327,ENST00000340623.4,NM_001042519.2
602,chr2,189929283,C,A,-0.887080885188382,ENST00000340623.4,NM_001042519.2
603,chr2,189929373,T,C,-0.845036197039298,ENST00000340623.4,NM_001042519.2
604,chr2,189929374,T,A,-0.902831872980129,ENST00000340623.4,NM_001042519.2
605,chr9,101806835,T,C,-0.537902384378103,,
606,chr9,101784376,G,A,-0.720007412339911,,
607,chr9,101784380,C,T,-0.828438114490749,,
608,chr9,101784433,G,C,-0.830238456449421,,
609,chr2,174125790,G,C,-0.991152072613197,ENST00000284719.8,NM_013341.5
610,chr11,103306762,T,C,-0.88459727146699,ENST00000375735.7,NM_001377.3
611,chr11,84822704,C,G,-0.888492439839382,ENST00000376104.7,NM_001142699.3
612,chr8,62465610,G,A,-0.923602877713354,ENST00000623646.3,NM_001304533.3
613,chr8,62465626,G,A,-0.926221834802576,ENST00000623646.3,NM_001304533.3
614,chr7,94028356,T,G,-0.949630870945314,,
615,chr12,26864105,C,T,-0.888397990090203,,
616,chr3,112054813,C,G,-0.805967503364872,ENST00000452346.7,NM_001395507.1
617,chr3,112054824,C,T,-0.739720816950228,ENST00000452346.7,NM_001395507.1
618,chr3,112054866,T,C,-0.813324468130413,ENST00000452346.7,NM_001395507.1
619,chr12,104111620,G,A,-0.889516880889111,,
620,chr12,56651710,G,C,-0.854205629071621,,
621,chr16,70287676,C,T,-0.817595932488607,ENST00000261772.13,NM_001605.3
622,chr12,124414206,T,G,-0.940187246302341,ENST00000405201.6,NM_006312.6
623,chr12,124414253,C,T,-0.748654600254441,ENST00000405201.6,NM_006312.6
624,chr2,39181490,T,C,-0.862561295941488,,
625,chr2,39181514,G,T,-0.951826310388505,,
626,chr7,7421174,C,G,-0.947340181676408,ENST00000399429.8,NM_001037763.3
627,chr7,7421243,C,T,-0.947309675557523,ENST00000399429.8,NM_001037763.3
628,chr7,7421245,T,C,-0.952464712061028,ENST00000399429.8,NM_001037763.3
629,chr1,114254362,C,T,-0.939778258566864,,
630,chr1,114254369,T,A,-0.887351348908298,,
631,chr1,114254370,G,A,-0.927226968568803,,
632,chr1,114254378,G,T,-0.832447015715365,,
633,chrX,70468383,A,C,-0.952782131103146,ENST00000374360.8,NM_021120.4
634,chr2,28855850,T,G,-0.96684085434049,ENST00000306108.10,NM_017910.4
635,chr2,28855855,C,G,-0.96684085434049,ENST00000306108.10,NM_017910.4
636,chr2,28855888,C,G,-0.833063563087496,ENST00000306108.10,NM_017910.4
637,chr2,28855911,G,A,-0.954911466252183,ENST00000306108.10,NM_017910.4
638,chr20,42208670,A,G,-0.853198387371503,ENST00000373187.6,NM_007050.6
639,chr7,5941312,C,T,-0.624710376075905,ENST00000404406.6,NM_173565.5
640,chr7,5941380,C,T,-0.504462357182731,ENST00000404406.6,NM_173565.5
641,chr11,47819918,A,G,-0.967386419497693,ENST00000378460.7,NM_015231.3
642,chr12,22012601,C,A,-0.87234763716236,,
643,chr10,90499750,C,T,-0.8645387279157,,
644,chr3,33415414,G,C,-0.990702955782094,ENST00000283629.8,NM_014517.5
645,chr10,120921840,C,T,-0.75364925368771,,
646,chr10,120921946,A,G,-0.763169273191592,,
647,chr12,9310383,C,A,-0.843924106376976,,
648,chr20,20139999,T,C,-0.935801547714444,ENST00000245957.10,NM_015585.4
649,chr20,20140068,G,A,-0.935248862909335,ENST00000245957.10,NM_015585.4
650,chr7,75692804,C,G,-0.830822033083007,ENST00000336926.11,NM_005338.7
651,chr7,75692913,A,G,-0.824342083284482,ENST00000336926.11,NM_005338.7
652,chr1,39715678,A,G,-0.605120232854388,ENST00000324379.10,NM_006112.4
653,chr15,70952487,T,C,-0.719449896389378,ENST00000260382.10,NM_017691.5
654,chr15,70952489,C,T,-0.916568402879391,ENST00000260382.10,NM_017691.5
655,chr15,70952557,T,C,-0.940734215299992,ENST00000260382.10,NM_017691.5
656,chr15,70952558,A,C,-0.954313499071381,ENST00000260382.10,NM_017691.5
657,chr22,30862965,T,C,-0.913611299365508,ENST00000332585.11,NM_030758.4
658,chr22,30862966,T,C,-0.945004756419855,ENST00000332585.11,NM_030758.4
659,chr22,30862968,C,T,-0.925194502417288,ENST00000332585.11,NM_030758.4
660,chr22,30863066,T,C,-0.824975868498343,ENST00000332585.11,NM_030758.4
661,chr9,117005777,T,C,-0.857145407199226,ENST00000313400.9,NM_001365068.1
662,chr9,117005834,C,G,-0.862571566702929,ENST00000313400.9,NM_001365068.1
663,chr4,114161688,C,T,-0.789188397208633,,
664,chr4,114161689,G,A,-0.802897381598064,,
665,chr7,6862966,C,T,-0.607340749842018,,
666,chr16,5145517,T,C,-0.932969826544343,,
667,chr16,55890287,A,G,-0.880779237793474,ENST00000290567.14,NM_001143685.2
668,chr1,86304266,A,G,-0.961137476958423,,
669,chr1,86304268,C,T,-0.885156967532002,,
670,chr2,27722272,C,T,-0.745759155375141,,
671,chr9,82320845,C,T,-0.618399595560217,,
672,chr1,103463941,T,C,-0.904399356802436,,
673,chr20,3783787,C,T,-0.865499981071019,,
674,chr3,49019134,C,T,-0.696122995695769,ENST00000341949.9,NM_001009996.3
675,chr3,49019152,G,A,-0.725476863462623,ENST00000341949.9,NM_001009996.3
676,chr11,5718476,A,C,-0.932893845582704,ENST00000380034.8,NM_033034.3
677,chr1,86306945,T,C,-0.897951996260131,,
678,chr15,40684149,G,A,-0.910057774196536,,
679,chr15,40684223,A,G,-0.923770263345165,,
680,chr15,40684226,T,G,-0.907333453318629,,
681,chr15,40684226,T,C,-0.917780580636941,,
682,chr15,40684229,G,C,-0.847296446253156,,
683,chr10,6259084,C,G,-0.886283177743991,,
684,chr10,49444598,T,G,-0.950169775237841,,
685,chr7,7491950,C,A,-0.939960792951408,ENST00000399429.8,NM_001037763.3
686,chr7,7492020,T,A,-0.928429869456529,ENST00000399429.8,NM_001037763.3
687,chr9,137688683,T,C,-0.988807755603038,ENST00000460843.6,NM_024757.5
688,chr9,134358757,C,T,-0.649676744504115,ENST00000481739.2,NM_002957.6
689,chr9,134358764,C,G,-0.787916443942597,ENST00000481739.2,NM_002957.6
690,chr9,134358831,A,G,-0.778351535877957,ENST00000481739.2,NM_002957.6
691,chr9,134358833,G,A,-0.800000482913493,ENST00000481739.2,NM_002957.6
692,chr9,134358834,T,G,-0.810099842960859,ENST00000481739.2,NM_002957.6
693,chr12,54799682,C,T,-0.821912324682967,,
694,chr12,54799710,C,G,-0.823776243191161,,
695,chr12,54799734,A,C,-0.823405706691939,,
696,chr11,17434212,C,T,-0.660057939155861,ENST00000389817.8,NM_000352.6
697,chr11,17434225,G,A,-0.648700726930332,ENST00000389817.8,NM_000352.6
698,chr11,17434243,G,T,-0.642181845818165,ENST00000389817.8,NM_000352.6
699,chr11,17434252,C,A,-0.660014397595369,ENST00000389817.8,NM_000352.6
700,chr11,17434268,C,T,-0.648592866084467,ENST00000389817.8,NM_000352.6
701,chr18,21226148,C,A,-0.899711936648169,,
702,chr18,21226152,C,A,-0.925220139739018,,
703,chr18,21226153,C,T,-0.928373730447124,,
704,chr18,21226252,C,T,-0.911378348841129,,
705,chr9,117126866,G,T,-0.790338445209308,ENST00000313400.9,NM_001365068.1
706,chr7,7516767,G,A,-0.925089343204667,ENST00000399429.8,NM_001037763.3
707,chr14,68040516,A,G,-0.885883829963671,ENST00000471583.6,NM_133510.4
708,chr1,40771871,A,C,-0.983617114111489,,
709,chr11,57561481,G,C,-0.887008231242085,ENST00000287156.9,NM_004223.5
710,chr11,57561489,G,C,-0.884547700067109,ENST00000287156.9,NM_004223.5
711,chr11,57561553,G,A,-0.821119325261245,ENST00000287156.9,NM_004223.5
712,chr11,57561557,A,G,-0.869674952629338,ENST00000287156.9,NM_004223.5
713,chr16,19627415,T,C,-0.784764993840246,ENST00000417362.7,NM_020314.7
714,chr16,19627436,G,A,-0.688155767331331,ENST00000417362.7,NM_020314.7
715,chr16,19627445,G,T,-0.793386860313955,ENST00000417362.7,NM_020314.7
716,chr16,19627450,G,A,-0.799658895557653,ENST00000417362.7,NM_020314.7
717,chr16,19627482,A,T,-0.722274068410021,ENST00000417362.7,NM_020314.7
718,chr16,19627503,C,T,-0.733301105401643,ENST00000417362.7,NM_020314.7
719,chr16,19627516,A,G,-0.807322912622364,ENST00000417362.7,NM_020314.7
720,chr16,19627519,A,G,-0.640291040853993,ENST00000417362.7,NM_020314.7
721,chr9,34263145,T,C,-0.934506799849136,ENST00000402558.7,NM_194313.4
722,chr9,34263147,C,T,-0.870697439566378,ENST00000402558.7,NM_194313.4
723,chr9,34263173,G,A,-0.927951073118165,ENST00000402558.7,NM_194313.4
724,chr7,7484049,C,T,-0.809970617059867,ENST00000399429.8,NM_001037763.3
725,chr7,7484114,G,A,-0.809353379811073,ENST00000399429.8,NM_001037763.3
726,chr6,70856701,C,A,-0.943785061784833,ENST00000230053.11,NM_080742.3
727,chr15,28446600,A,G,-0.993976349865926,,
728,chr9,135527830,C,T,-0.941027639809843,,
729,chr9,135527888,A,G,-0.97631417121068,,
730,chr1,86340327,C,T,-0.870989403380929,,
731,chr7,87168581,T,C,-0.94334719706088,ENST00000331242.12,NM_001142327.2
732,chr3,167068205,T,C,-0.990745002489936,,
733,chr14,99872867,G,A,-0.80113829956813,ENST00000262233.11,NM_004434.3
734,chr15,52487607,C,G,-0.908013359907801,ENST00000399233.7,NM_001382347.1
735,chr16,270747,C,T,-0.895952146206218,ENST00000399932.8,NM_032039.4
736,chr12,48377163,C,G,-0.925773783253412,,
737,chr12,48377246,A,G,-0.926880775796436,,
738,chr2,28829331,A,G,-0.796269405467509,ENST00000334056.10,NM_182756.4
739,chr2,28829346,T,G,-0.850765623448217,ENST00000334056.10,NM_182756.4
740,chr6,31616461,C,A,-0.828772351888677,ENST00000376059.8,NM_001623.5
741,chr2,28851427,C,T,-0.84170192555244,ENST00000306108.10,NM_017910.4
742,chr2,28851428,A,T,-0.981563318622925,ENST00000306108.10,NM_017910.4
743,chr19,17120110,C,T,-0.794691517166683,ENST00000682292.1,NM_004145.4
744,chr9,332479,G,T,-0.949899501339711,ENST00000432829.7,NM_203447.4
745,chr20,34806815,C,G,-0.806058651875165,ENST00000359003.7,NM_014071.5
746,chr19,19455730,T,C,-0.778314781335261,ENST00000683918.1,NM_001384528.1
747,chrX,1477741,T,C,-0.925769671068546,ENST00000381297.10,NM_178129.5
748,chrX,1477751,C,A,-0.927232499161264,ENST00000381297.10,NM_178129.5
749,chr4,109766339,A,T,-0.798771684296525,ENST00000394634.7,NM_000204.5
750,chr4,109766363,C,T,-0.799641279507072,ENST00000394634.7,NM_000204.5
751,chr4,109766368,T,G,-0.784337942991987,ENST00000394634.7,NM_000204.5
752,chr20,33971842,T,A,-0.936750973202199,,
753,chr20,33971932,G,A,-0.924880091071708,,
754,chr22,21165254,C,T,-0.900117247474772,,
755,chr1,212530019,G,A,-0.776171921600735,,
756,chr11,103005050,G,T,-0.886527832791499,,
757,chr10,102268763,C,T,-0.871648982964551,ENST00000369983.5,NM_001377137.1
758,chr16,20648694,T,C,-0.954731051198225,ENST00000289416.10,NM_005622.4
759,chr16,69965409,C,G,-0.730950438783655,,
760,chr9,35398193,C,T,-0.916487384604938,ENST00000635942.2,NM_001371189.2
761,chr9,35398194,A,C,-0.859910681809057,ENST00000635942.2,NM_001371189.2
762,chr1,89427774,C,T,-0.808936156513663,,
763,chr1,89427784,C,T,-0.819305199353098,,
764,chr1,89427787,C,T,-0.807803483147676,,
765,chr1,89427795,C,G,-0.78372565880712,,
766,chr1,89427844,A,G,-0.79031314938501,,
767,chr3,38406668,A,G,-0.720040100200787,ENST00000207870.8,NM_005108.4
768,chr3,38406689,G,A,-0.751305973107266,ENST00000207870.8,NM_005108.4
769,chr3,38406710,G,T,-0.745799617350971,ENST00000207870.8,NM_005108.4
770,chr3,38406739,G,T,-0.754793399111635,ENST00000207870.8,NM_005108.4
771,chr3,38406748,C,T,-0.73671860024497,ENST00000207870.8,NM_005108.4
772,chr3,38406793,T,G,-0.748841189962002,ENST00000207870.8,NM_005108.4
773,chr18,21946853,C,G,-0.876860204539818,,
774,chr18,21946879,G,A,-0.847272196234522,,
775,chr18,21946890,G,A,-0.696256316884862,,
776,chr18,21946923,G,A,-0.800672593224226,,
777,chr18,21946927,C,T,-0.876295979700015,,
778,chr18,21946940,A,C,-0.878122158821809,,
779,chr7,23757151,G,A,-0.847070625950514,ENST00000355870.8,NM_031414.5
780,chr20,62070082,C,T,-0.782228130785813,,
781,chr17,18040889,A,C,-0.880598952315791,ENST00000268719.9,NM_024052.5
782,chr17,18040975,C,A,-0.880922477309596,ENST00000268719.9,NM_024052.5
783,chr14,64565444,T,C,-0.716308698931102,ENST00000298705.6,NM_172365.3
784,chr14,64565449,G,C,-0.6255614116661,ENST00000298705.6,NM_172365.3
785,chr14,64565453,T,A,-0.717301620714113,ENST00000298705.6,NM_172365.3
786,chr14,64565504,G,A,-0.694131888960972,ENST00000298705.6,NM_172365.3
787,chr14,64565508,A,G,-0.693460949141103,ENST00000298705.6,NM_172365.3
788,chr14,64565526,C,G,-0.663266069252506,ENST00000298705.6,NM_172365.3
789,chr14,64565527,C,T,-0.699701472938516,ENST00000298705.6,NM_172365.3
790,chr14,64565528,G,T,-0.561611709169961,ENST00000298705.6,NM_172365.3
791,chr14,64565540,G,A,-0.6589754188146,ENST00000298705.6,NM_172365.3
792,chr14,64565541,T,G,-0.69383044487334,ENST00000298705.6,NM_172365.3
793,chr1,103484441,T,C,-0.645704828743397,,
794,chr9,131859575,T,C,-0.873618334057608,ENST00000292035.10,NM_004269.4
795,chr9,137648608,C,G,-0.974830521643242,ENST00000460843.6,NM_024757.5
796,chr12,53042774,C,T,-0.701354610443734,,
797,chr12,53042786,C,T,-0.818184465695467,,
798,chr12,53042889,G,A,-0.807496877779183,,
799,chr16,5143569,C,T,-0.868117848146679,,
800,chr1,103431040,T,C,-0.731170359366623,,
801,chr1,103431079,G,A,-0.656009153564831,,
802,chr1,103431109,A,G,-0.735494968292591,,
803,chr2,27535117,G,C,-0.898926297784921,,
804,chr2,27535138,A,G,-0.664134642132495,,
805,chr2,27535139,T,C,-0.909732647612169,,
806,chr6,30522332,C,A,-0.775444302255593,,
807,chr6,30522376,C,T,-0.771853348314574,,
808,chr6,30522394,C,T,-0.77770883191983,,
809,chr1,16389035,A,G,-0.795259205986224,ENST00000401088.9,NM_001114600.3
810,chr12,1919506,C,A,-0.948227188100824,,
811,chr8,23116222,T,C,-0.922369328833982,ENST00000356864.4,NM_003841.5
812,chr1,153659565,T,C,-0.748429891700761,ENST00000368685.6,NM_012437.6
813,chr6,33144555,G,T,-0.694139057000921,,
814,chr6,33144566,T,G,-0.697241266788972,,
815,chr2,28771705,T,C,-0.84514585256873,ENST00000395366.3,NM_002709.3
816,chr2,28771729,G,A,-0.860004466573321,ENST00000395366.3,NM_002709.3
817,chr2,28771784,A,T,-0.852415234457664,ENST00000395366.3,NM_002709.3
818,chr2,28771799,G,A,-0.812295879158104,ENST00000395366.3,NM_002709.3
819,chr2,28771800,T,G,-0.862046785077593,ENST00000395366.3,NM_002709.3
820,chr2,28771803,G,A,-0.851666919410479,ENST00000395366.3,NM_002709.3
821,chr7,7459575,C,T,-0.861464464797524,ENST00000399429.8,NM_001037763.3
822,chr7,7459595,A,C,-0.838776865320803,ENST00000399429.8,NM_001037763.3
823,chr6,70778369,G,T,-0.887949788398874,ENST00000370455.8,NM_001044305.3
824,chr19,17729274,G,C,-0.670707467145625,ENST00000324096.9,NM_018174.6
825,chr19,17729343,G,C,-0.664104125030121,ENST00000324096.9,NM_018174.6
826,chr19,17729345,G,A,-0.638958598440078,ENST00000324096.9,NM_018174.6
827,chr6,25669729,T,G,-0.777682341315467,ENST00000377961.3,NM_006998.4
828,chr6,25669760,G,A,-0.791071753829649,ENST00000377961.3,NM_006998.4
829,chr6,25669780,A,C,-0.796511560752394,ENST00000377961.3,NM_006998.4
830,chr6,25669796,G,C,-0.797002800737758,ENST00000377961.3,NM_006998.4
831,chr2,27825320,T,G,-0.779640886093353,ENST00000296102.8,NM_004891.4
832,chr3,15515542,C,T,-0.960743649279111,ENST00000383788.10,NM_005677.4
833,chr3,15515543,C,T,-0.960743649279111,ENST00000383788.10,NM_005677.4
834,chr22,40697009,G,C,-0.95979903383337,,
835,chr16,89718024,T,C,-0.514529816800649,ENST00000389386.8,NM_004913.3
836,chr1,40777361,C,T,-0.503671691118279,,
837,chr22,47064049,C,G,-0.964096005827062,ENST00000337137.9,NM_014346.5
838,chr12,101561873,C,A,-0.858314390081176,,
839,chr12,101561876,T,C,-0.782440677773806,,
840,chr12,101561942,C,T,-0.862779155989419,,
841,chr12,101561954,G,T,-0.816602532907884,,
842,chr12,101561960,C,T,-0.844605277225378,,
843,chr12,101561979,G,T,-0.917709187127059,,
844,chr22,44372697,A,G,-0.978294288815489,,
845,chr4,184207117,C,A,-0.786682567154238,ENST00000296741.7,NM_153343.4
846,chr9,75778366,T,G,-0.809441003079031,,
847,chr2,238267675,T,C,-0.867067427096633,ENST00000254657.8,NM_022817.3
848,chr2,238267678,C,G,-0.894313732380207,ENST00000254657.8,NM_022817.3
849,chr2,238267732,C,A,-0.890401742066867,ENST00000254657.8,NM_022817.3
850,chr2,238267735,C,A,-0.88947912681301,ENST00000254657.8,NM_022817.3
851,chr2,189943830,C,T,-0.84868822062489,ENST00000340623.4,NM_001042519.2
852,chr2,189943854,A,C,-0.931618025927877,ENST00000340623.4,NM_001042519.2
853,chr16,71768507,C,A,-0.916676127247505,ENST00000299980.9,NM_001128.6
854,chr16,71768513,T,C,-0.904618419871798,ENST00000299980.9,NM_001128.6
855,chr16,71768554,C,T,-0.774061102377686,ENST00000299980.9,NM_001128.6
856,chr19,49860504,C,A,-0.691133583128468,ENST00000322344.8,NM_007254.4
857,chr19,34818689,C,G,-0.778632517484821,,
858,chr19,34818732,C,A,-0.791375123603551,,
859,chr19,34818741,G,A,-0.755229920958232,,
860,chr19,34818752,C,T,-0.771545315967334,,
861,chr16,71418681,T,G,-0.861832308868958,,
862,chr16,71418681,T,C,-0.876810454724881,,
863,chr16,71418684,A,G,-0.802092913587184,,
864,chr16,71418685,G,C,-0.877232052787041,,
865,chr16,71418743,A,G,-0.827463967582034,,
866,chr6,37418098,C,T,-0.9166445033726,,
867,chr16,90094123,A,G,-0.804897134478757,,
868,chr16,90094142,G,A,-0.79716045031934,,
869,chr5,141026731,G,A,-0.717292448799098,,
870,chr2,242401936,A,G,-0.745257337747594,,
871,chr2,242402032,G,A,-0.712937449412646,,
872,chr2,242402032,G,C,-0.690649897326045,,
873,chr5,96097956,A,C,-0.975153667215214,,
874,chr5,96098078,T,C,-0.963578294391259,,
875,chr3,185369880,A,G,-0.809729728471763,ENST00000265026.8,NM_004721.5
876,chr17,10366864,T,C,-0.821185631568464,ENST00000252172.9,NM_003802.3
877,chr17,10366865,T,A,-0.923330249340124,ENST00000252172.9,NM_003802.3
878,chr8,62489418,C,T,-0.88159576301958,ENST00000623646.3,NM_001304533.3
879,chr17,40066549,T,C,-0.942878774986501,ENST00000450525.7,NM_199334.5
880,chr3,130340667,G,T,-0.893148404870871,,
881,chr3,130340728,G,A,-0.903094590984652,,
882,chr12,123099633,G,A,-0.930843274230137,ENST00000320201.10,NM_020845.3
883,chr12,123099636,A,T,-0.945409852257513,ENST00000320201.10,NM_020845.3
884,chr17,19449718,A,G,-0.725648476030828,,
885,chr17,19449741,T,G,-0.705230205279055,,
886,chr17,19449748,G,T,-0.740897838986215,,
887,chr17,19454720,C,G,-0.785140442776077,,
888,chr2,71185196,C,A,-0.708504590997327,ENST00000244221.9,NM_020459.1
889,chr2,238261160,C,T,-0.904310760490853,ENST00000254657.8,NM_022817.3
890,chr2,238261252,A,T,-0.906098298768572,ENST00000254657.8,NM_022817.3
891,chr1,235850305,T,C,-0.837442862393088,ENST00000389793.7,NM_000081.4
892,chr3,194313765,C,T,-0.735040811521965,,
893,chr3,194313806,C,A,-0.723953178640007,,
894,chr3,194313833,G,A,-0.738329492609275,,
895,chr2,238255142,T,A,-0.883925602178026,ENST00000254657.8,NM_022817.3
896,chr2,220367099,T,G,-0.991097770151256,,
897,chr21,37583841,T,C,-0.780426817393062,,
898,chr21,37583846,T,C,-0.771877389211003,,
899,chr21,37583851,G,A,-0.743018231458816,,
900,chr21,37583900,G,A,-0.764885225926151,,
901,chr21,37583928,C,T,-0.756736084793042,,
902,chr21,37583933,C,T,-0.747597877573989,,
903,chr21,37583969,C,G,-0.763340591661326,,
904,chr17,80417949,G,T,-0.914502074238523,ENST00000518137.6,NM_173627.5
905,chr5,112419797,C,A,-0.836810902369963,,
906,chr5,150414560,C,A,-0.925510594550545,,
907,chr5,150414659,T,C,-0.934137845576847,,
908,chr12,121659700,T,C,-0.796742313981453,ENST00000355329.7,NM_173855.5
909,chr12,121659733,C,T,-0.800083906010706,ENST00000355329.7,NM_173855.5
910,chr12,121659745,C,T,-0.79592912864752,ENST00000355329.7,NM_173855.5
911,chr12,121659754,C,T,-0.800607332932153,ENST00000355329.7,NM_173855.5
912,chr12,121659754,C,A,-0.792956579955313,ENST00000355329.7,NM_173855.5
913,chr3,141688912,T,C,-0.930868616407732,,
914,chr5,149247396,A,G,-0.792852585713763,ENST00000309868.12,NM_014945.5
915,chr17,40764082,T,C,-0.933658457092639,,
916,chr5,145383620,G,C,-0.808431575913665,,
917,chr6,139232534,T,C,-0.857086385294247,,
918,chr5,179298491,C,T,-0.816128744850509,ENST00000251582.12,NM_014244.5
919,chr7,106512974,T,G,-0.963732575483258,,
920,chr7,150939220,T,C,-0.888492768359467,,
921,chr12,121758265,A,C,-0.906542326492384,ENST00000449592.7,NM_001080825.2
922,chr12,121758265,A,G,-0.899645451849803,ENST00000449592.7,NM_001080825.2
923,chr12,121758286,A,C,-0.914801144039987,ENST00000449592.7,NM_001080825.2
924,chr3,107474526,G,A,-0.915504672398547,,
925,chr7,65595718,T,C,-0.773455661066552,,
926,chr7,138863238,C,G,-0.611400063432506,ENST00000422774.2,NM_001164665.2
927,chr7,138863256,T,C,-0.664221033116898,ENST00000422774.2,NM_001164665.2
928,chr7,138863328,C,A,-0.643373638929163,ENST00000422774.2,NM_001164665.2
929,chr1,155644889,T,C,-0.888220836678395,,
930,chr2,233752830,A,T,-0.82766754493594,ENST00000354728.5,NM_021027.3
931,chr2,220103426,C,T,-0.756270072388068,,
932,chr2,220103426,C,A,-0.760047723530399,,
933,chr2,220103491,A,G,-0.563466411210563,,
934,chr3,52539344,G,A,-0.817139876252404,ENST00000477703.6,NM_001124767.2
935,chr3,52539373,C,T,-0.756569387562805,ENST00000477703.6,NM_001124767.2
936,chr2,238261985,T,C,-0.806373818627317,ENST00000254657.8,NM_022817.3
937,chr2,238261999,C,A,-0.80275499558206,ENST00000254657.8,NM_022817.3
938,chr2,238262020,C,T,-0.642566626773859,ENST00000254657.8,NM_022817.3
939,chr21,38572526,T,G,-0.66870854331095,ENST00000288319.12,NM_182918.4
940,chr21,38572529,A,T,-0.691423431702005,ENST00000288319.12,NM_182918.4
941,chr21,38572530,C,A,-0.698382410077683,ENST00000288319.12,NM_182918.4
942,chr21,38572566,G,A,-0.549134033744018,ENST00000288319.12,NM_182918.4
943,chr21,38572587,G,A,-0.707993260164607,ENST00000288319.12,NM_182918.4
944,chr21,38572589,G,A,-0.708314128833642,ENST00000288319.12,NM_182918.4
945,chr21,38572590,C,T,-0.657932877715446,ENST00000288319.12,NM_182918.4
946,chr21,38572591,G,T,-0.693766928384962,ENST00000288319.12,NM_182918.4
947,chr2,238629424,G,A,-0.927608000024456,,
948,chr2,238629466,G,A,-0.941454409084574,,
949,chr17,30200739,A,C,-0.65224943259857,ENST00000650711.1,NM_001045.6
950,chr17,18202872,C,T,-0.88965384283632,ENST00000399138.5,NM_017758.4
951,chr17,18202881,C,A,-0.778989692213849,ENST00000399138.5,NM_017758.4
952,chr3,132047171,T,A,-0.847638218493425,ENST00000429747.6,NM_130808.3
953,chr6,70964174,C,G,-0.891616222926893,,
954,chr6,70964237,A,T,-0.871565415323985,,
955,chr12,53294390,G,A,-0.846908437997653,,
956,chr12,53294399,G,T,-0.875884245028397,,
957,chr3,101212712,A,G,-0.972022095430136,,
958,chr2,201505908,G,T,-0.984452188078594,ENST00000439140.6,NM_001168221.2
959,chr3,107886748,T,C,-0.669014284695596,,
960,chr5,149245733,C,T,-0.847730066133387,ENST00000309868.12,NM_014945.5
961,chr1,161188079,C,A,-0.547807877881273,ENST00000367996.6,NM_005099.6
962,chr3,59908141,C,T,-0.953871570205427,ENST00000492590.6,NM_002012.4
963,chr3,120394639,C,G,-0.617449192357292,ENST00000295633.8,NM_007085.5
964,chr3,120394672,A,T,-0.865712190771719,ENST00000295633.8,NM_007085.5
965,chr3,120394711,C,T,-0.77387569745018,ENST00000295633.8,NM_007085.5
966,chr3,57843458,A,G,-0.889775630799964,ENST00000671191.1,NM_001377540.1
967,chr3,57843546,C,T,-0.762960018831109,ENST00000671191.1,NM_001377540.1
968,chr3,51930843,C,G,-0.952080096469202,,
969,chr12,102455038,T,C,-0.884183364256229,ENST00000337514.11,NM_000618.5
970,chr12,102455126,T,C,-0.868526197913809,ENST00000337514.11,NM_000618.5
971,chr12,102455140,A,C,-0.834547194241873,ENST00000337514.11,NM_000618.5
972,chr2,111542401,C,T,-0.964321867334132,,
973,chr3,185983065,C,T,-0.794974083275066,,
974,chr3,185983077,A,G,-0.791715177242102,,
975,chr3,185983078,C,T,-0.793929005804236,,
976,chr3,185983089,G,A,-0.780283852364454,,
977,chr3,185983093,G,A,-0.800652998012821,,
978,chr3,185983104,A,G,-0.746221579904715,,
979,chr7,150500476,A,G,-0.965480177843635,,
980,chr2,238643907,G,T,-0.953859715749028,,
981,chr2,238643944,A,G,-0.955808481865519,,
982,chr7,149981840,A,G,-0.666051427893988,,
983,chr7,149981841,C,A,-0.773444349784733,,
984,chr7,149981855,C,T,-0.714112523488198,,
985,chr7,149981858,C,T,-0.771450576548362,,
986,chr7,149981859,G,A,-0.706751928054757,,
987,chr7,149981865,C,T,-0.765512697811706,,
988,chr7,149981888,T,G,-0.72434250414557,,
989,chr7,149981914,C,T,-0.776175506201525,,
990,chr7,149981915,A,C,-0.737535265828774,,
991,chr7,149981935,C,T,-0.763355643881426,,
992,chr7,149981943,T,C,-0.651172956130814,,
993,chr7,149981950,A,G,-0.776926290489663,,
994,chr7,149981964,T,C,-0.763425746054249,,
995,chr7,149981968,A,C,-0.722114419978212,,
996,chr7,99811371,A,T,-0.652778537126716,,
997,chr7,99811374,C,T,-0.791853371884555,,
998,chr7,99811394,C,G,-0.673096767708072,,
999,chr7,99811416,A,G,-0.76828290339862,,
1000,chr7,99811434,G,C,-0.804535240887894,,
1001,chr2,175976313,G,A,-0.9639234260913,ENST00000272748.9,NM_030650.3
1002,chr2,175976318,G,A,-0.931183459436797,ENST00000272748.9,NM_030650.3
1003,chr2,191850391,A,G,-0.837504912208226,,
1004,chr7,140064207,C,A,-0.821478657981191,,
1005,chr7,140064313,T,C,-0.83741155174487,,
1006,chr2,202688369,T,C,-0.63962411512264,ENST00000392238.3,NM_173511.4
1007,chr2,202688371,T,C,-0.554540080456544,ENST00000392238.3,NM_173511.4
1008,chr2,202688376,T,C,-0.67313995453792,ENST00000392238.3,NM_173511.4
1009,chr2,202688386,A,G,-0.668090514933597,ENST00000392238.3,NM_173511.4
1010,chr2,202688397,C,A,-0.645892678273155,ENST00000392238.3,NM_173511.4
1011,chr2,202688451,G,A,-0.668009997088441,ENST00000392238.3,NM_173511.4
1012,chr17,38192396,G,C,-0.712266898172782,ENST00000620215.3,NM_001123391.4
1013,chr6,80982940,T,C,-0.726645133043347,,
1014,chr3,130318608,G,T,-0.89543252282071,,
1015,chr3,130318611,G,T,-0.903889255649184,,
1016,chr3,130318631,A,G,-0.898890183074383,,
1017,chr7,142658881,C,T,-0.887548180337968,,
1018,chr6,70647996,A,G,-0.915424090306245,,
1019,chr6,90326350,G,A,-0.725266889334009,,
1020,chr17,80847513,T,C,-0.989841886089651,ENST00000306801.8,NM_020761.3
1021,chr2,179188952,G,A,-0.783792614357588,ENST00000428443.8,NM_178123.5
1022,chr5,147015784,C,A,-0.937003203483511,ENST00000394411.9,NM_181675.4
1023,chr5,179548155,A,C,-0.537803728006736,,
1024,chr7,152522137,A,G,-0.887089076906412,,
1025,chr7,152522162,A,G,-0.867140950801193,,
1026,chr7,152522188,T,G,-0.850837035595005,,
1027,chr7,152522210,A,G,-0.883030342027024,,
1028,chr3,69299252,T,C,-0.962751602274431,ENST00000398540.8,NM_015123.3
1029,chr2,152553170,T,C,-0.772081513947584,ENST00000288670.14,NM_052905.4
1030,chr2,152553192,C,A,-0.777526325719174,ENST00000288670.14,NM_052905.4
1031,chr2,152553264,A,C,-0.776164145313113,ENST00000288670.14,NM_052905.4
1032,chr2,189926285,T,C,-0.957666950433618,ENST00000340623.4,NM_001042519.2
1033,chr7,129102806,G,A,-0.967646124109619,,
1034,chr2,54150453,C,T,-0.889977750467356,ENST00000607452.6,NM_001320586.2
1035,chr21,44179195,G,A,-0.895492196792548,ENST00000291577.11,NM_004649.8
1036,chr21,44179197,T,C,-0.854856702338702,ENST00000291577.11,NM_004649.8
1037,chr2,63821719,A,C,-0.835044047226561,ENST00000272321.12,NM_015910.7
1038,chr2,37486727,T,C,-0.8634564861596,,
1039,chr2,152586160,T,A,-0.941043124377441,ENST00000288670.14,NM_052905.4
1040,chr17,26686428,G,C,-0.912206259680143,,
1041,chr2,238258792,T,C,-0.924741640546714,ENST00000254657.8,NM_022817.3
1042,chr2,238258832,T,C,-0.915881399703811,ENST00000254657.8,NM_022817.3
1043,chr1,211534504,G,A,-0.893738232284759,,
1044,chr1,202398058,G,A,-0.89620865288413,ENST00000608999.6,NM_002481.4
1045,chr3,170736320,C,T,-0.871878641761651,,
1046,chr17,30219838,C,T,-0.567081382710936,ENST00000650711.1,NM_001045.6
1047,chr6,70964664,A,G,-0.899533885587975,,
1048,chr6,70964667,T,C,-0.899032059197072,,
1049,chr6,70964738,A,T,-0.905122243408933,,
