Chr,Pos,Ref,Alt
15,41029877,A,T
17,26912400,C,T
17,3486635,T,C
17,3486653,T,A
22,23488857,C,T
22,38894090,G,A
14,64908108,G,T
14,64908126,G,C
16,4849723,C,T
16,16286738,C,T
19,8321519,G,A
X,69507979,G,A
16,47621587,G,A
16,47621611,C,T
15,79220112,G,A
11,34163352,C,T
12,6748183,G,A
7,123514832,C,T
9,117170248,G,A
12,120616697,G,A
3,50356387,C,T
3,50356453,G,A
2,211527921,G,A
1,115138477,G,A
9,115961153,T,A
9,115961162,C,T
8,27394372,G,A
5,35025904,C,T
7,2418344,G,A
20,47868064,C,T
19,6684786,C,T
14,56134003,A,G
9,95784671,G,T
14,65245962,A,G
17,1399670,G,A
15,31340092,C,T
12,21679873,C,T
12,58090138,C,T
7,45103564,T,C
15,72550420,C,T
10,116197618,G,A
10,71683572,C,T
10,71683587,C,T
10,71689828,A,G
10,71689831,C,T
3,133327738,A,C
12,7355285,C,T
14,92958575,C,G
16,57153562,G,A
16,84476154,C,T
16,84476175,C,T
16,84476205,G,A
1,230923348,G,A
10,79743702,T,C
10,79743732,G,A
10,79743756,A,T
10,79743765,G,A
10,103869369,G,T
20,30507720,C,T
10,61955999,G,A
18,43579417,C,T
18,43579438,C,A
12,48525125,A,G
8,97258088,C,T
2,54873076,A,G
12,9073661,G,A
19,41201894,C,T
2,28812547,A,G
3,45561788,G,A
3,52156395,C,G
7,94056337,A,G
7,94056352,C,T
7,94056358,T,C
7,94056358,T,G
9,107554238,G,A
11,125324026,C,T
11,8122058,C,T
11,8122067,C,T
11,8122070,C,T
16,10846484,C,T
16,21071585,C,T
17,80617462,G,T
19,4429749,A,G
8,43048980,A,G
1,55548945,C,T
5,80638551,C,T
1,11134021,C,T
1,154303586,C,A
1,86488221,C,T
X,74332751,T,C
13,61057968,G,T
15,85464285,C,T
12,56749296,G,A
15,89020237,C,T
15,91561061,G,T
15,91561065,C,T
1,240966240,G,A
1,110458279,G,T
17,79671746,G,A
15,73848732,G,A
7,120382656,G,A
17,79564283,G,A
15,22928185,C,T
12,132683764,G,A
1,10331592,A,C
15,65234687,C,T
10,21108353,C,T
10,21108395,C,T
8,139620182,G,A
1,32145643,C,T
7,94051246,T,G
2,227976406,C,T
2,227976418,C,A
2,228004877,C,T
2,228004922,T,C
2,189912941,T,C
2,189929283,C,A
2,189929373,T,C
8,62465626,G,A
9,117005834,C,G
4,114161688,C,T
1,86304268,C,T
2,27722272,C,T
9,82320845,C,T
20,3783787,C,T
3,49019134,C,T
3,49019152,G,A
9,134358757,C,T
11,17434225,G,A
11,17434243,G,T
11,17434252,C,A
18,21226153,C,T
7,7516767,G,A
11,57561553,G,A
16,19627450,G,A
9,34263147,C,T
7,7484049,C,T
20,34806815,C,G
19,19455730,T,C
4,109766363,C,T
1,89427784,C,T
17,18040975,C,A
14,64565527,C,T
1,103431079,G,A
6,25669780,A,C
1,40777361,C,T
22,47064049,C,G
16,71768554,C,T
19,34818732,C,A
19,34818741,G,A
6,37418098,C,T
2,71185196,C,A
21,37583928,C,T
12,121659733,C,T
12,121659745,C,T
12,121659754,C,T
12,121659754,C,A
3,52539373,C,T
2,238261999,C,A
2,238262020,C,T
21,38572589,G,A
12,53294390,G,A
12,53294399,G,T
5,149245733,C,T
3,57843546,C,T
12,102455038,T,C
3,185983078,C,T
3,185983093,G,A
7,152522162,A,G
21,44179195,G,A
2,238258832,T,C
1,211534504,G,A
3,170736320,C,T
