Chrom	Pos	Ref	Alt	RawScore	PHRED
1	16069334	G	C	0.009772	2.773
1	16069337	C	T	0.289026	7.070
1	16069346	T	C	0.091879	4.126
1	16069388	C	T	1.163378	14.45
1	16069397	T	C	0.429103	8.705
1	24666165	C	T	0.985504	13.33
1	24666180	C	T	0.748871	11.55
1	24666192	C	T	0.631922	10.58
1	24666195	T	C	0.157315	5.190
1	24666234	C	T	0.435734	8.773
1	28138509	G	A	0.181482	5.562
1	28138542	C	T	0.106935	4.377
1	28138545	T	C	0.417458	8.584
1	55307322	C	A	0.660097	10.82
1	70883627	C	T	0.796500	11.92
1	70883666	T	C	0.195678	5.776
1	70883670	T	C	0.796202	11.92
1	70883708	G	A	0.369084	8.056
1	91731579	T	G	0.744818	11.51
1	91731585	T	C	0.383563	8.218
1	91731590	T	G	0.505004	9.450
1	114161181	G	A	0.174456	5.454
1	114161214	G	A	0.078208	3.897
1	115456640	T	C	0.675952	10.95
1	115456658	C	G	0.453686	8.955
1	115456661	A	G	0.799550	11.95
1	119584904	G	T	0.323789	7.516
1	119584919	T	C	0.107431	4.385
1	119584933	G	A	0.501434	9.417
1	119584937	C	T	0.033784	3.156
1	119584940	C	T	-0.428556	0.148
1	119584949	G	A	-0.547261	0.063
1	155173035	C	T	1.766728	17.95
1	155173074	G	C	0.878803	12.56
1	155173080	C	T	1.000705	13.43
1	161643270	G	C	-0.133726	1.122
1	161643276	G	A	0.132229	4.791
1	161643288	C	A	-0.073555	1.671
1	161643294	T	G	0.328185	7.571
1	161643309	C	T	0.109080	4.413
1	162487905	T	C	0.735586	11.44
1	162487947	A	C	0.608444	10.38
1	162487965	T	C	0.721202	11.32
1	230910333	G	A	-0.099133	1.414
1	230910339	G	A	0.363312	7.990
1	230910351	C	T	0.074516	3.835
1	230910372	A	G	0.123380	4.647
10	33134196	T	C	0.154234	5.141
10	33134241	A	G	0.028635	3.072
10	33134250	C	T	-0.067529	1.737
10	46246997	A	G	0.764070	11.67
10	70145827	G	A	1.362333	15.52
10	70145837	T	G	0.921101	12.87
10	70145849	T	G	0.704859	11.19
10	70145882	G	A	0.777731	11.78
10	114724329	C	T	0.941792	13.02
10	114724347	T	C	0.933248	12.96
10	114724350	G	A	0.826572	12.16
10	114724377	A	C	0.958239	13.14
11	32414288	G	A	0.677293	10.96
11	32414297	C	T	0.741737	11.49
11	65387823	C	T	0.759071	11.63
11	65387836	C	T	0.261148	6.705
11	65387853	C	T	0.547556	9.840
11	65387859	C	T	0.650845	10.74
11	65387865	A	G	0.070877	3.774
11	65387874	A	G	0.428422	8.698
11	65387877	G	A	0.603919	10.34
11	72611335	G	A	2.114407	20.8
11	72611356	T	C	1.495585	16.24
11	72611362	G	A	1.323060	15.31
11	85623707	T	C	-0.112737	1.292
11	85623722	T	C	0.142589	4.957
11	85623725	T	C	0.104844	4.342
11	85623737	G	C	0.066771	3.705
11	85623738	C	T	0.284113	7.006
12	56566742	C	A	1.989307	19.65
12	56566756	G	A	2.091735	20.6
12	56566772	G	T	2.157535	21.1
12	56566778	T	G	1.698245	17.47
12	56566780	G	T	2.003160	19.76
12	56566781	C	A	2.065960	20.4
12	64017852	T	C	0.549513	9.857
12	64017855	A	G	0.584765	10.18
12	64017858	G	A	0.719571	11.31
12	96063858	T	C	0.846707	12.32
12	96063888	A	G	0.519652	9.586
12	96063903	T	C	0.535421	9.730
12	96063915	G	A	0.441607	8.833
12	109697895	G	A	-0.135648	1.107
14	92477336	T	C	0.929453	12.93
14	92477372	G	A	-0.193981	0.748
14	92477405	A	G	0.066215	3.695
15	43704891	G	A	0.444721	8.865
15	43704943	T	C	0.080642	3.938
15	49925800	G	A	-0.072252	1.685
15	66735656	A	C	0.900204	12.72
15	66735671	A	G	0.638952	10.64
16	160549	G	A	0.660943	10.83
16	160561	C	T	0.100798	4.275
16	160567	C	T	0.647342	10.71
16	160573	G	A	0.732740	11.42
16	1515313	G	A	-0.019954	2.333
16	1515325	C	T	-0.098398	1.421
16	31122642	A	G	0.689134	11.06
16	31122678	C	T	0.724631	11.35
16	31122681	C	T	0.812956	12.05
16	31122687	C	T	0.889597	12.64
16	67690720	G	A	0.328131	7.571
16	89291135	C	T	0.212640	6.027
16	89291203	T	G	0.053827	3.488
17	7949997	G	A	-0.292447	0.385
17	7950006	A	G	0.001647	2.648
17	7950012	C	T	-0.598328	0.043
17	7950036	G	C	-0.732904	0.015
17	7950054	A	C	-0.978891	0.003
17	18159876	C	T	-0.062505	1.793
17	18159891	G	A	1.030351	13.63
17	18159906	G	A	0.732708	11.42
17	19449780	C	T	0.052723	3.469
17	47795392	T	C	0.622210	10.50
17	48541194	T	C	0.364621	8.005
17	48541203	C	A	0.579061	10.13
17	48541206	G	A	0.614738	10.44
17	48541212	C	T	0.777296	11.77
17	48541221	T	A	0.777871	11.78
17	48541257	G	A	0.394013	8.333
18	23615838	G	A	0.736297	11.45
18	23615859	C	T	0.935810	12.98
18	23615874	G	A	0.735601	11.44
18	45396878	T	C	0.696023	11.12
18	66367647	T	C	0.620420	10.49
18	66367686	T	C	0.795590	11.92
19	6822477	C	A	0.670304	10.90
19	6822495	G	A	0.822415	12.13
19	6822501	T	C	0.363698	7.994
19	6822510	G	A	0.866004	12.46
19	19746487	A	G	0.432989	8.745
19	19746499	C	T	-0.279567	0.421
19	33512498	G	A	0.682131	11.00
19	33512501	G	A	0.324113	7.520
19	33512507	C	T	0.560237	9.953
19	33512531	C	G	0.836770	12.24
19	33512537	A	G	0.535541	9.731
19	33512540	C	T	0.464237	9.059
19	33512549	C	T	0.505099	9.451
19	37961220	T	C	1.068081	13.88
19	37961223	T	G	0.896342	12.69
19	37961265	T	G	0.631044	10.58
19	49463540	T	C	0.391740	8.308
19	56200668	G	A	0.705753	11.20
19	56200674	C	T	1.427874	15.87
19	56200680	C	T	1.103968	14.10
19	56200686	C	T	1.728896	17.68
2	24240167	G	C	0.444724	8.865
2	24240170	C	T	0.649432	10.73
2	24240173	C	T	0.494697	9.353
2	24240194	G	A	0.420874	8.620
2	24240206	A	G	-0.070608	1.703
2	24240209	G	A	0.399941	8.397
2	24240221	G	A	-0.184747	0.795
2	24240227	C	T	-0.502721	0.087
2	48722835	G	T	0.623515	10.51
2	48722898	C	G	0.637911	10.63
2	61147528	G	A	-0.239640	0.551
2	61147567	A	G	-0.312397	0.336
2	61147570	A	G	-0.020476	2.326
2	61147585	C	T	-0.071626	1.692
2	61147597	A	G	-0.161140	0.932
2	61147606	G	A	-0.136043	1.104
2	98795774	C	T	-0.069582	1.714
2	171358305	A	G	1.307932	15.23
2	171358329	G	A	0.996780	13.41
2	171358341	C	T	0.753439	11.58
2	190617390	G	A	0.848242	12.33
2	190617447	A	G	0.020031	2.934
2	191862958	A	G	0.523869	9.625
2	191862985	C	T	0.105483	4.353
2	191862997	T	C	0.253470	6.601
2	236923487	C	T	1.790141	18.13
20	35860710	C	T	0.180333	5.544
20	35860728	C	A	0.627785	10.55
20	35860731	C	T	0.711002	11.24
20	35860734	C	T	-0.036068	2.116
20	35860755	T	G	0.179876	5.537
20	35860764	C	A	0.661416	10.83
20	35860767	C	G	0.408763	8.492
20	35860770	G	A	0.387273	8.259
20	35860773	G	A	0.456034	8.978
20	35860780	C	T	0.517834	9.569
20	35860782	G	A	0.633625	10.60
20	35860788	C	T	0.670763	10.91
21	15538699	A	G	0.199304	5.830
21	15538753	G	A	0.422189	8.633
21	15538756	C	T	0.255952	6.634
21	15538759	T	C	0.264443	6.749
22	17990850	A	G	0.569698	10.05
22	17990853	T	A	0.613596	10.43
22	17990865	A	G	0.606119	10.36
22	17990871	A	T	0.756734	11.61
22	17990875	T	C	0.673931	10.93
22	17990883	T	C	0.461848	9.036
22	17990886	G	A	0.577372	10.11
22	17990904	G	C	0.072445	3.800
22	17990916	C	T	0.500101	9.404
22	30384486	A	T	0.742528	11.50
22	30384501	C	T	0.799452	11.95
22	44592232	C	T	1.035856	13.67
22	44592259	C	T	0.618052	10.46
22	44592274	T	G	0.602996	10.34
3	9729516	C	T	1.237404	14.86
3	9729540	T	C	0.794410	11.91
3	9729546	C	T	0.539249	9.765
3	9729564	G	A	0.971431	13.23
3	9729570	C	G	0.508660	9.484
3	10132000	T	C	0.666886	10.88
3	10132003	G	A	0.857164	12.40
3	10132027	G	A	0.186827	5.643
3	10132063	G	T	-0.712018	0.018
3	38134337	C	T	0.741057	11.48
3	38134358	G	A	0.570311	10.05
3	50212555	G	A	0.906834	12.77
3	50212567	C	T	0.802603	11.97
3	50212582	G	T	0.218324	6.109
3	50212594	C	T	0.955142	13.12
3	50212600	G	T	0.949926	13.08
3	52019873	T	C	0.585837	10.19
3	52019882	C	T	0.642355	10.67
3	52019885	C	T	0.753771	11.59
3	52019930	G	A	0.806983	12.01
3	112326033	G	A	0.651432	10.75
3	112326045	C	A	0.489064	9.300
3	112326074	A	G	0.655052	10.78
3	112326084	A	G	0.718285	11.30
3	121001159	G	A	1.187245	14.58
3	121001165	G	A	1.498523	16.26
3	121001174	T	C	0.765900	11.68
3	170857282	G	A	0.919825	12.86
3	170857325	T	C	0.712230	11.25
3	197417955	C	T	-0.113688	1.284
3	197417973	C	T	1.090159	14.01
3	197418012	G	A	1.380834	15.61
4	17964617	A	G	0.850075	12.34
4	17964629	T	C	0.940576	13.01
4	17964659	T	C	0.855906	12.39
4	78871010	T	C	0.770178	11.72
4	78871022	G	A	0.038934	3.241
4	170429941	C	T	0.185602	5.624
4	170429944	C	T	0.260501	6.696
4	170429947	T	G	0.352767	7.868
4	170429980	A	G	0.130540	4.764
5	220406	A	C	0.053850	3.488
5	220417	A	G	0.102427	4.302
6	18244745	T	C	1.961593	19.43
6	32180610	G	A	0.592919	10.25
6	32180616	G	A	0.680733	10.99
6	44136716	A	G	0.017152	2.888
6	44136743	C	T	0.107358	4.384
6	44136758	C	A	0.169346	5.376
6	64289219	A	G	0.913739	12.82
6	89511307	A	G	0.784831	11.83
6	142704919	T	A	0.666820	10.88
6	142704922	A	C	0.925448	12.90
6	142704937	C	T	0.791402	11.88
6	142704964	C	T	0.654554	10.77
7	5972435	G	A	-0.191669	0.759
8	69442840	G	A	-0.191763	0.759
9	735756	G	A	0.027965	3.062
9	4604186	A	G	0.037207	3.212
9	4604189	T	C	0.861838	12.43
9	4604204	T	C	-0.287688	0.398
9	4604218	G	A	-0.215176	0.649
9	4604222	G	A	-0.594169	0.044
9	4604243	A	G	-0.567793	0.054
9	134369804	T	C	0.843027	12.29
9	134369858	A	C	0.932126	12.95
9	136273904	C	T	0.703460	11.18
9	136273916	A	G	0.404116	8.442
9	139749221	C	T	0.138690	4.895
9	139749222	C	T	0.169152	5.373
9	139749236	C	T	-0.078123	1.623
9	139749269	C	T	-0.445258	0.131
9	139749275	C	T	-0.142887	1.054
9	139749284	A	C	-0.305511	0.352
9	139749290	C	T	-0.064057	1.776
X	44910959	A	G	0.714667	11.27
X	44910962	T	C	0.627694	10.55
X	44910995	G	A	0.898653	12.71
X	44911001	A	G	0.745441	11.52
X	44911022	A	G	0.624285	10.52
X	49111896	T	C	0.041930	3.290
X	49111899	A	T	0.231629	6.298
X	49111932	G	A	0.843964	12.29
X	107413203	C	T	0.581774	10.15
